rang	mot	nature	fréquence	via	lemme	score	verdict	objet le plus proche	ses noms
1	être	verbe	47322	vide			vide		
2	ne	adverbe	36129.7	vide			vide		
3	pas	adverbe	26983.3	vide			vide		
4	avoir	verbe	19998.9	vide			vide		
5	faire	verbe	14142.5	vide			vide		
6	aller	verbe	12847.7	vide			vide		
7	dire	verbe	10778.6	vide			vide		
8	plus	adverbe	9077	vide			vide		
9	pouvoir	verbe	8184.3	vide			vide		
10	vouloir	verbe	6889.4	vide			vide		
11	bien	adverbe	6748.9	vide			vide		
12	voir	verbe	6521.2	vide			vide		
13	savoir	verbe	6520.3	symbole	livre	0.99	objet	kaykit-furniture-bits/book_single	livre
14	tout	adjectif	6120.1	vide			vide		
15	non	adverbe	5176	vide			vide		
16	devoir	verbe	4550.8	symbole	école	0.87	objet	objets-oga/ecole	école collège lycée
17	venir	verbe	4278.4	vide			vide		
18	oui	adverbe	3844.9	vide			vide		
19	prendre	verbe	3380.2	vide			vide		
20	là	adverbe	3186.2	vide			vide		
21	parler	verbe	3056.6	symbole	parole	1.00	objet	pictos/bulle	parole
22	suivre	verbe	3039.7	symbole	marche	0.79	objet	poses/marche-femme	marcher marche promenade
23	si	adverbe	3032.1	vide			vide		
24	falloir	verbe	2904.2	vide			vide		
25	ici	adverbe	2894.8	vide			vide		
26	chose	nom	2831.3	vide			vide		
27	alors	adverbe	2811.4	vide			vide		
28	aussi	adverbe	2762.2	vide			vide		
29	encore	adverbe	2756	vide			vide		
30	très	adverbe	2710.7	vide			vide		
31	tout	adverbe	2697.8	vide			vide		
32	passer	verbe	2660.8	vide			vide		
33	croire	verbe	2659.2	symbole	pensée	1.00	objet	pictos/pensee	pensée
34	petit	adjectif	2648.8		petit	0.56	porteur	poses/debout-oldclassy-male	papi pépé vieux
35	homme	nom	2522.4		homme	0.83	objet	poses/debout-casual-male	homme garçon
36	jamais	adverbe	2483.2	vide			vide		
37	aimer	verbe	2450.7	symbole	amour	0.79	objet	platformer-kit/heart	cœur amour
38	jour	nom	2403.7	vide			vide		
39	penser	verbe	2355.3	symbole	pensée	1.00	objet	pictos/pensee	pensée
40	bon	adjectif	2344.1	vide			vide		
41	temps	nom	2320.4	symbole	sablier	0.97	objet	kaykit-board-game-bits/hourglass	sablier
42	trouver	verbe	2308	vide			vide		
43	même	adverbe	2266.3	vide			vide		
44	regarder	verbe	2195.2	symbole	yeux	1.01	objet	pictos/yeux	yeux
45	laisser	verbe	2185.6		laisser	0.54	porteur	poses/bricole-barbare	bricoler réparer bricolage
46	toujours	adverbe	2166.1	vide			vide		
47	donner	verbe	2105.7	vide			vide		
48	mettre	verbe	2088.6	vide			vide		
49	attendre	verbe	2058.2	symbole	assis	0.78	objet	poses/assis-sol-kenney-f	assis asseoir repos
50	femme	nom	2045.1		femme	0.92	objet	poses/debout-casual-female	femme fille
51	fois	nom	2039.2	vide			vide		
52	arriver	verbe	1975.5		arriver	0.49	rien	poses/saut-femme	sauter saut bondir
53	peu	nom	1918.2	vide			vide		
54	demander	verbe	1894.2	symbole	question	1.00	objet	pictos/question	question
55	grand	adjectif	1883.4		grand	0.48	rien	mali/mali_civic_center	palais
56	vie	nom	1874.5	symbole	plante	0.96	objet	nature-kit/plant_flatShort	plante
57	seul	adjectif	1806.7		seul	0.46	rien	mini-characters/character-male-a	personne homme
58	rester	verbe	1797.3	vide			vide		
59	quoi	adjectif	1769.1	vide			vide		
60	main	nom	1729		main	1.00	objet	pictos/main	main
61	autre	adjectif	1656.2	vide			vide		
62	trop	adverbe	1649.5	vide			vide		
63	oeil	nom	1647.6	symbole	yeux	1.01	objet	pictos/yeux	yeux
64	heure	nom	1633.8	symbole	horloge	1.01	objet	pictos/horloge	horloge
65	appeler	verbe	1630.8	symbole	téléphone	0.93	objet	q-survival/Phone	téléphone portable
66	père	nom	1619.1	symbole	papa	0.71	objet	poses/debout-oldclassy-male	papi pépé vieux
67	peut-être	adverbe	1605.7				hors vocabulaire		
68	partir	verbe	1597.7	symbole	valise	1.01	objet	pictos/valise	valise
69	connaître	verbe	1590.3		connaître	0.44	rien	pictos/doute	doute
70	monde	nom	1572.1		monde	1.00	objet	pictos/globe	monde
71	an	nom	1552.4	symbole	calendrier	1.00	objet	pictos/calendrier	calendrier
72	pourquoi	adverbe	1533.6	symbole	question	1.00	objet	pictos/question	question
73	maintenant	adverbe	1525.6		maintenant	0.39	rien	kaykit-city-builder-bits/building_A_withoutBase	immeuble maison ville
74	sortir	verbe	1511.8	symbole	porte	0.95	objet	platformer-kit/door-large-open	porte
75	comprendre	verbe	1508.3	symbole	idée	1.01	objet	pictos/ampoule	idée
76	est-ce que	adverbe	1481.6				hors vocabulaire		
77	enfant	nom	1461.3	symbole	garçon	0.89	objet	poses/debout-casual-male	homme garçon
78	arrêter	verbe	1456.3	symbole	stop	1.00	objet	pictos/stop	stop
79	mère	nom	1448.1		mère	0.78	objet	poses/debout-casual-female	femme fille
80	entendre	verbe	1447.8	symbole	oreille	1.00	objet	pictos/oreille	oreille
81	fille	nom	1433.8		fille	0.93	objet	poses/debout-casual-female	femme fille
82	tête	nom	1399.3		tête	0.76	objet	nature-kit/statue_head	statue tête
83	déjà	adverbe	1384.1	vide			vide		
84	sûr	adjectif	1356.5		sûr	0.52	rien	pictos/doute	doute
85	nuit	nom	1324.8	symbole	étoile	0.97	objet	platformer-kit/star	étoile
86	coup	nom	1309.5	vide			vide		
87	mourir	verbe	1307.5	symbole	mort	0.86	objet	kaykit-halloween-bits/tree_dead_large	arbre mort
88	dieu	nom	1299.9	symbole	église	0.98	objet	kaykit-medieval/building_church_blue	église
89	beau	adjectif	1291.9	symbole	fleur	0.97	objet	kaykit-mixed-bag-1/flax_flower_A	fleur
90	sentir	verbe	1254.2	symbole	fleur	0.97	objet	kaykit-mixed-bag-1/flax_flower_A	fleur
91	tenir	verbe	1245.9	symbole	main	1.00	objet	pictos/main	main
92	vraiment	adverbe	1242.9	vide			vide		
93	vrai	adjectif	1237.1		vrai	0.51	rien	mini-skate/character-skate-boy	skateur garçon
94	même	adjectif	1207.7	vide			vide		
95	moins	adverbe	1196.9	vide			vide		
96	maison	nom	1181.1		maison	1.00	objet	archipel/maison-automne	maison
97	air	nom	1176	symbole	nuage	0.97	objet	kaykit-medieval/cloud_small	nuage
98	chercher	verbe	1161.5	symbole	loupe	1.01	objet	pictos/loupe	loupe
99	soir	nom	1138.3	symbole	lampe	0.98	objet	q-furniture/Lamp	lampe
100	moment	nom	1121.8	symbole	sablier	0.97	objet	kaykit-board-game-bits/hourglass	sablier
101	revenir	verbe	1109.2	symbole	valise	1.01	objet	pictos/valise	valise
102	ami	nom	1102.1	symbole	personne	0.76	objet	mini-characters/character-female-a	personne femme
103	tuer	verbe	1099.2		tuer	0.44	rien	poses/accroupi-kenney	accroupi cacher
104	comment	adverbe	1087.9	symbole	question	1.00	objet	pictos/question	question
105	beaucoup	adverbe	1087.4	vide			vide		
106	monsieur	nom	1064	symbole	homme	0.83	objet	poses/debout-casual-male	homme garçon
107	mieux	adverbe	1050.1		mieux	0.42	rien	pictos/doute	doute
108	premier	adjectif	1049.6		premier	0.36	rien	pictos/trophee	victoire
109	besoin	nom	1037.9		besoin	0.43	rien	pictos/ampoule	idée
110	gens	nom	1003.7	symbole	personne	0.76	objet	mini-characters/character-female-a	personne femme
111	rendre	verbe	976.9		rendre	0.45	rien	poses/bricole-barbare	bricoler réparer bricolage
112	finir	verbe	975.6	symbole	damier	0.78	objet	racing-kit/flagCheckers	drapeau damier
113	devenir	verbe	972.1		devenir	0.45	rien	poses/porte-kenney	porter carton déménager
114	vivre	verbe	970.5	symbole	plante	0.96	objet	nature-kit/plant_flatShort	plante
115	essayer	verbe	967.1		essayer	0.56	porteur	poses/lance-ranger	lancer jeter
116	nom	nom	965.7	symbole	pancarte	0.85	objet	nature-kit/sign	panneau pancarte
117	porte	nom	951.3		porte	0.95	objet	platformer-kit/door-large-open	porte
118	comme	adverbe	943.3	vide			vide		
119	perdre	verbe	923.4	symbole	boussole	0.97	objet	q-survival/Compass_Open	boussole
120	mort	nom	912.8		mort	0.86	objet	kaykit-halloween-bits/tree_dead_large	arbre mort
121	jouer	verbe	907.4	symbole	jeu	0.74	objet	mini-arcade/basketball-game	basket jeu
122	ouvrir	verbe	905.8	symbole	porte	0.95	objet	platformer-kit/door-large-open	porte
123	accord	nom	902.4		accord	1.01	objet	pictos/accord	accord
124	peur	nom	868.9	symbole	loup	1.00	objet	poses/bete-wolf	loup
125	jeune	adjectif	866.2	symbole	garçon	0.89	objet	poses/debout-casual-male	homme garçon
126	amour	nom	862.2		amour	0.79	objet	platformer-kit/heart	cœur amour
127	commencer	verbe	858.7	symbole	plante	0.96	objet	nature-kit/plant_flatShort	plante
128	côté	nom	852.5		côté	0.62	porteur	survival-kit/fence-doorway	palissade porte
129	tomber	verbe	849.2		tomber	0.53	porteur	poses/ramasse-homme	ramasser cueillir
130	entrer	verbe	848.5	symbole	porte	0.95	objet	platformer-kit/door-large-open	porte
131	aider	verbe	847.4	symbole	secours	0.79	objet	q-survival/FirstAidKit_Hard	trousse secours
132	vite	adverbe	843.5		vite	0.32	rien	pictos/doute	doute
133	dernier	adjectif	834.2		dernier	0.45	rien	poses/assis-chaise-ranger	assis chaise attendre
134	mot	nom	833.3	symbole	parole	1.00	objet	pictos/bulle	parole
135	assez	adverbe	827.9	vide			vide		
136	tant	adverbe	816.8		tant	0.33	rien	mini-characters/character-male-a	personne homme
137	peu	adverbe	814.6	vide			vide		
138	rentrer	verbe	812.4	symbole	maison	1.00	objet	archipel/maison-automne	maison
139	juste	adjectif	810.3	vide			vide		
140	mal	adverbe	803.4	vide			vide		
141	sembler	verbe	802.1		sembler	0.43	rien	pictos/doute	doute
142	tirer	verbe	798.4		tirer	0.60	porteur	poses/ramasse-homme	ramasser cueillir
143	vieux	adjectif	795.1	symbole	papi	0.72	objet	poses/debout-oldclassy-male	papi pépé vieux
144	porter	verbe	794.9	symbole	carton	0.80	objet	furniture-kit/cardboardBoxClosed	carton déménagement
145	écouter	verbe	785	symbole	oreille	1.00	objet	pictos/oreille	oreille
146	raison	nom	776.7	symbole	cerveau	1.00	objet	pictos/cerveau	cerveau
147	oublier	verbe	773.9	symbole	question	1.00	objet	pictos/question	question
148	place	nom	769.9		place	0.57	porteur	nature-kit/fence_gate	clôture barrière portail
149	fait	nom	767.6	vide			vide		
150	eau	nom	765.6		eau	0.86	objet	q-survival/WaterBottle_1	bouteille eau
151	manger	verbe	748.4		manger	0.87	objet	poses/mange-cube-pig	cochon manger
152	terre	nom	747.4		terre	0.78	objet	mali/mali_house_1	maison terre
153	plaire	verbe	747	symbole	cœur	0.88	objet	platformer-kit/heart	cœur amour
154	voix	nom	743.5	symbole	parole	1.00	objet	pictos/bulle	parole
155	question	nom	740.3		question	1.00	objet	pictos/question	question
156	corps	nom	730.5	symbole	personne	0.76	objet	mini-characters/character-female-a	personne femme
157	fils	nom	727.8	symbole	garçon	0.89	objet	poses/debout-casual-male	homme garçon
158	rue	nom	720.8	symbole	réverbère	0.86	objet	retro-urban-kit/detail-light-single	lampadaire réverbère
159	histoire	nom	719.5	symbole	livre	0.99	objet	kaykit-furniture-bits/book_single	livre
160	répondre	verbe	718.3	symbole	parole	1.00	objet	pictos/bulle	parole
161	idée	nom	718.2		idée	1.01	objet	pictos/ampoule	idée
162	asseoir	verbe	718		asseoir	0.72	objet	poses/assis-sol-kenney-f	assis asseoir repos
163	voiture	nom	712.5		voiture	0.97	objet	toy-car-kit/vehicle-suv	voiture
164	retrouver	verbe	711.4	symbole	loupe	1.01	objet	pictos/loupe	loupe
165	argent	nom	709.5		argent	0.87	objet	kaykit-resource-bits/Silver_Bars	argent lingots
166	visage	nom	706.2		visage	1.00	objet	pictos/visage	visage
167	enfin	adverbe	706.1	vide			vide		
168	chambre	nom	702	symbole	lit	0.96	objet	furniture-kit/bedDouble	lit
169	loin	adverbe	700.7		loin	0.44	rien	poses/marche-femme	marcher marche promenade
170	pied	nom	700.5		pied	1.00	objet	pictos/pied	pied
171	tard	adverbe	694.6		tard	0.29	rien	q-buildings/Hospital	hôpital
172	année	nom	691.8	symbole	calendrier	1.00	objet	pictos/calendrier	calendrier
173	marcher	verbe	690		marcher	0.76	objet	poses/marche-femme	marcher marche promenade
174	maman	nom	684.6	symbole	femme	0.92	objet	poses/debout-casual-female	femme fille
175	travailler	verbe	682.2	symbole	ordinateur	0.87	objet	furniture-kit/laptop	ordinateur portable
176	monter	verbe	681.9	symbole	échelle	0.93	objet	kaykit-medieval/ladder	échelle
177	seulement	adverbe	677.2		seulement	0.34	rien	pictos/erreur	erreur
178	ainsi	adverbe	677.1		ainsi	0.35	rien	kaykit-furniture-bits/pictureframe_medium	cadre tableau
179	matin	nom	671.8	symbole	café	1.00	objet	food-kit/frappe	café
180	famille	nom	659.3	symbole	personne	0.76	objet	mini-characters/character-female-a	personne femme
181	changer	verbe	658.5		changer	0.55	porteur	poses/bricole-barbare	bricoler réparer bricolage
182	travail	nom	653.3	symbole	ordinateur	0.87	objet	furniture-kit/laptop	ordinateur portable
183	dormir	verbe	651.1		dormir	0.84	objet	poses/dort-ranger	dormir sommeil sieste
184	ville	nom	648.1		ville	0.81	objet	textured-buildings/4Story	immeuble ville
185	écrire	verbe	647.7	symbole	stylo	0.81	objet	objets-oga/stylo-crayon	stylo crayon écrire
186	presque	adverbe	647.4		presque	0.35	rien	pictos/yeux	yeux
187	affaire	nom	647.2	symbole	costume	0.79	objet	poses/debout-suit-male	costume cravate patron
188	coeur	nom	640.7		cœur	0.88	objet	platformer-kit/heart	cœur amour
189	bras	nom	637.2		bras	1.00	objet	pictos/bras	bras
190	apprendre	verbe	635.2	symbole	école	0.87	objet	objets-oga/ecole	école collège lycée
191	noir	adjectif	627	symbole	couleurs	1.00	objet	pictos/palette	couleurs
192	part	nom	626.3		part	0.46	rien	pictos/attention	attention
193	poser	verbe	626.2		poser	0.53	rien	pictos/question	question
194	longtemps	adverbe	625.9		longtemps	0.51	rien	pictos/doute	doute
195	bonjour	nom	622.1	symbole	salut	0.74	objet	poses/salue-ranger	saluer salut adieu
196	gros	adjectif	620.4		gros	0.45	rien	q-food/ChickenLeg	poulet pilon
197	mois	nom	617.2	symbole	calendrier	1.00	objet	pictos/calendrier	calendrier
198	problème	nom	615.1	symbole	attention	0.99	objet	pictos/attention	attention
199	boire	verbe	613.4	symbole	verre	0.98	objet	food-kit/glass	verre
200	tout	nom	611.7	vide			vide		
201	long	adjectif	608.9		long	0.48	rien	watercraft-kit/boat-fan	bateau marais
202	frère	nom	606.7	symbole	homme	0.83	objet	poses/debout-casual-male	homme garçon
203	lever	verbe	606.7		lever	0.44	rien	poses/assis-sol-kenney-f	assis asseoir repos
204	lire	verbe	605.9		lire	0.81	objet	poses/lit-ranger	lire lecture livre
205	montrer	verbe	603.9	symbole	doigt	1.00	objet	pictos/doigt	doigt
206	peine	nom	599.3	symbole	triste	0.71	objet	poses/triste-femme	triste tristesse chagrin
207	servir	verbe	596	symbole	repas	0.90	objet	kaykit-restaurant-bits/food_dinner	repas dîner
208	garder	verbe	595.9	symbole	coffre	0.81	objet	survival-kit/chest	coffre trésor
209	quitter	verbe	595	symbole	sac	0.97	objet	kaykit-medieval/sack	sac
210	occuper	verbe	594.9		occuper	0.49	rien	poses/porte-kenney	porter carton déménager
211	tourner	verbe	581.2	symbole	moulin	0.96	objet	quaternius-farm/Windmill	moulin
212	plein	adjectif	579.2		plein	0.41	rien	fantasy-town-kit/stall-bench	marché banc
213	guerre	nom	576.2	symbole	chevalier	1.01	objet	poses/debout-knight-male	chevalier
214	foutre	verbe	573		foutre	0.47	rien	poses/bricole-barbare	bricoler réparer bricolage
215	ouais	adverbe	572.1		ouais	0.44	rien	food-kit/lollypop	sucette bonbon
216	paraître	verbe	570.2		paraître	0.50	rien	poses/lit-ranger	lire lecture livre
217	payer	verbe	566.9	symbole	monnaie	0.87	objet	kaykit-board-game-bits/coin_10_gold	pièces monnaie
218	demain	adverbe	560		demain	0.58	porteur	poses/joie-femme	joie heureux bonheur
219	continuer	verbe	552.7		continuer	0.53	rien	poses/lance-ranger	lancer jeter
220	suite	nom	551.7		suite	0.43	rien	pictos/coeur-brise	rupture
221	blanc	adjectif	549.3	symbole	neige	0.98	objet	holiday-kit/snow-flat-large	neige
222	point	nom	548.9		point	0.46	rien	kaykit-furniture-bits/shelf_A_big	rayon
223	train	nom	543.9		train	0.90	objet	train-kit/train-electric-double-a	train électrique
224	minute	nom	543.7	symbole	horloge	1.01	objet	pictos/horloge	horloge
225	envoyer	verbe	537.8	symbole	lettre	1.00	objet	pictos/lettre	lettre
226	descendre	verbe	537.6	symbole	échelle	0.93	objet	kaykit-medieval/ladder	échelle
227	retourner	verbe	536.2	symbole	valise	1.01	objet	pictos/valise	valise
228	souvenir	verbe	530.5	symbole	photo	0.96	objet	kaykit-mixed-bag-1/instantcamera	appareil-photo photo
229	instant	nom	529.6	symbole	sablier	0.97	objet	kaykit-board-game-bits/hourglass	sablier
230	jeter	verbe	529		jeter	0.84	objet	poses/lance-ranger	lancer jeter
231	fin	nom	527.9	symbole	damier	0.78	objet	racing-kit/flagCheckers	drapeau damier
232	bout	nom	526.4		bout	0.50	rien	pictos/doigt	doigt
233	lit	nom	522.5		lit	0.96	objet	furniture-kit/bedDouble	lit
234	nouveau	nom	522.4		nouveau	0.40	rien	furniture-kit/cardboardBoxClosed	carton déménagement
235	mal	nom	520.5	vide			vide		
236	type	nom	519	symbole	homme	0.83	objet	poses/debout-casual-male	homme garçon
237	aujourd'hui	adverbe	518.4				hors vocabulaire		
238	raconter	verbe	515.7	symbole	livre	0.99	objet	kaykit-furniture-bits/book_single	livre
239	garçon	nom	514		garçon	0.89	objet	poses/debout-casual-male	homme garçon
240	sang	nom	512		sang	1.00	objet	pictos/sang	sang
241	madame	nom	510.8	symbole	femme	0.92	objet	poses/debout-casual-female	femme fille
242	façon	nom	507.8		façon	0.50	rien	pictos/ampoule	idée
243	personne	nom	506.5		personne	0.76	objet	mini-characters/character-female-a	personne femme
244	tour	nom	502.5		tour	0.95	objet	kaykit-medieval/building_tower_A_blue	tour
245	combien	adverbe	498.6		combien	0.51	rien	pictos/question	question
246	table	nom	498.2		table	0.97	objet	furniture-kit/table	table
247	cas	nom	497.9		cas	0.40	rien	pictos/erreur	erreur
248	chance	nom	497	symbole	dé	0.79	objet	kaykit-board-game-bits/D20_red	dé dés
249	force	nom	496.7	symbole	musculation	0.83	objet	poses/pompes-barbare	sport pompes musculation
250	plutôt	adverbe	491.1		plutôt	0.41	rien	pictos/doute	doute
251	semaine	nom	488.4	symbole	calendrier	1.00	objet	pictos/calendrier	calendrier
252	fond	nom	486.2		fond	0.54	rien	survival-kit/rock-sand-a	rocher sable
253	fou	adjectif	485.6	symbole	folie	1.01	objet	pictos/folie	folie
254	livre	nom	484.6		livre	0.99	objet	kaykit-furniture-bits/book_single	livre
255	regard	nom	484.5	symbole	yeux	1.01	objet	pictos/yeux	yeux
256	rappeler	verbe	484	symbole	téléphone	0.93	objet	q-survival/Phone	téléphone portable
257	gagner	verbe	475.3	symbole	victoire	1.00	objet	pictos/trophee	victoire
258	ailleurs	adverbe	475.1		ailleurs	0.55	rien	pictos/doute	doute
259	envie	nom	472.1	symbole	cœur	0.88	objet	platformer-kit/heart	cœur amour
260	pourtant	adverbe	471.5		pourtant	0.55	porteur	pictos/doute	doute
261	feu	nom	470.1		feu	0.78	objet	q-survival/Bonfire_Fire	feu camp
262	truc	nom	469.1	vide			vide		
263	reprendre	verbe	467.1		reprendre	0.49	rien	kaykit-medieval/tent	tente
264	pas	nom	461.2	vide			vide		
265	excuser	verbe	461	symbole	prière	1.00	objet	pictos/priere	prière
266	rire	verbe	460.8	symbole	joie	0.87	objet	poses/joie-femme	joie heureux bonheur
267	toucher	verbe	460.5	symbole	main	1.00	objet	pictos/main	main
268	doute	nom	458.2		doute	1.00	objet	pictos/doute	doute
269	soleil	nom	457.7		soleil	0.72	objet	mini-characters/aid-sunglasses	lunettes soleil
270	route	nom	454.8	symbole	poteau	0.83	objet	survival-kit/signpost-single	panneau poteau
271	mauvais	adjectif	453.3		mauvais	0.44	rien	pictos/ennui	ennui
272	ordre	nom	452.6		ordre	0.43	rien	poses/debout-knight-male	chevalier
273	manquer	verbe	451.6		manquer	0.48	porteur	poses/ramasse-homme	ramasser cueillir
274	lieu	nom	449.6	symbole	pancarte	0.85	objet	nature-kit/sign	panneau pancarte
275	autour	adverbe	448.6		autour	0.43	rien	space-kit/satelliteDish	antenne parabole
276	ciel	nom	447.5	symbole	nuage	0.97	objet	kaykit-medieval/cloud_small	nuage
277	pays	nom	444.1	symbole	drapeau	0.99	objet	pirate-kit/flag-high-pennant	drapeau
278	parfois	adverbe	440.2		parfois	0.42	rien	pictos/nez	nez
279	surtout	adverbe	440.1		surtout	0.41	rien	pictos/doute	doute
280	acheter	verbe	439.1	symbole	panier	0.77	objet	mini-market/shopping-basket	panier courses
281	heureux	adjectif	438.4		heureux	0.72	objet	poses/joie-femme	joie heureux bonheur
282	espérer	verbe	436	symbole	plante	0.96	objet	nature-kit/plant_flatShort	plante
283	prêt	adjectif	435.9		prêt	0.45	rien	poses/porte-kenney	porter carton déménager
284	fermer	verbe	435.8	symbole	porte	0.95	objet	platformer-kit/door-large-open	porte
285	imaginer	verbe	435.4	symbole	pensée	1.00	objet	pictos/pensee	pensée
286	expliquer	verbe	434.9	symbole	parole	1.00	objet	pictos/bulle	parole
287	merci	nom	432.9	symbole	fleurs	1.00	objet	archipel/fleurs	fleurs
288	importer	verbe	432.5		importer	0.39	rien	poses/lance-ranger	lancer jeter
289	silence	nom	432		silence	1.00	objet	pictos/chut	silence
290	compter	verbe	431.5	symbole	monnaie	0.87	objet	kaykit-board-game-bits/coin_10_gold	pièces monnaie
291	rencontrer	verbe	429.5	symbole	personne	0.76	objet	mini-characters/character-female-a	personne femme
292	pièce	nom	427.5		pièce	0.71	objet	kaykit-board-game-bits/coin_gold	pièce or
293	souvent	adverbe	422.5		souvent	0.35	rien	food-kit/utensil-spoon	couvert cuillère
294	décider	verbe	421.9	symbole	justice	1.00	objet	pictos/balance	justice
295	sorte	nom	421.9		sorte	0.45	rien	food-kit/utensil-spoon	couvert cuillère
296	plaisir	nom	420.2	symbole	joie	0.87	objet	poses/joie-femme	joie heureux bonheur
297	prier	verbe	418.9	symbole	prière	1.00	objet	pictos/priere	prière
298	recevoir	verbe	417.2	symbole	cadeau	0.97	objet	kaykit-holiday-bits/present_C_green	cadeau
299	cause	nom	415.9		cause	0.47	porteur	pictos/coeur-brise	rupture
300	agir	verbe	415.7		agir	0.40	rien	pictos/doute	doute
301	bois	nom	415		bois	0.89	objet	q-survival/WoodLog	bûche bois
302	pousser	verbe	414.5	symbole	brouette	0.97	objet	kaykit-medieval/wheelbarrow	brouette
303	possible	adjectif	413.4		possible	0.49	rien	pictos/doute	doute
304	lettre	nom	412.8		lettre	1.00	objet	pictos/lettre	lettre
305	valoir	verbe	411.8		valoir	0.38	rien	mini-characters/character-male-a	personne homme
306	chef	nom	411.2		chef	0.73	objet	poses/debout-chef-male	cuisinier chef cuisine
307	courir	verbe	409.9		courir	0.84	objet	poses/course-femme	courir course jogging
308	lumière	nom	409.1	symbole	lampe	0.98	objet	q-furniture/Lamp	lampe
309	chien	nom	408.1		chien	1.00	objet	poses/bete-dog	chien
310	mur	nom	406.7		mur	0.71	objet	survival-kit/fence-doorway	palissade porte
311	verre	nom	406.6		verre	0.98	objet	food-kit/glass	verre
312	partie	nom	402.7		partie	0.47	rien	pictos/carte	carte
313	puis	adverbe	401.9	vide			vide		
314	ensemble	adverbe	398.5		ensemble	0.43	rien	kaykit-space-base-bits/basemodule_garage	base spatiale
315	mec	nom	397.8	symbole	homme	0.83	objet	poses/debout-casual-male	homme garçon
316	face	nom	396.2	symbole	visage	1.00	objet	pictos/visage	visage
317	nouveau	adjectif	395.1		nouveau	0.40	rien	furniture-kit/cardboardBoxClosed	carton déménagement
318	autant	adverbe	392.6		autant	0.52	rien	pictos/doute	doute
319	cheveu	nom	391.9	symbole	peigne	0.96	objet	objets-oga/maison-comb	peigne
320	offrir	verbe	391.8	symbole	cadeau	0.97	objet	kaykit-holiday-bits/present_C_green	cadeau
321	suffire	verbe	391.5		suffire	0.47	rien	poses/bricole-barbare	bricoler réparer bricolage
322	petit	nom	391.4		petit	0.56	porteur	poses/debout-oldclassy-male	papi pépé vieux
323	mari	nom	388.4		mari	0.76	objet	poses/debout-casual-female	femme fille
324	cacher	verbe	386		cacher	0.77	objet	poses/accroupi-kenney	accroupi cacher
325	en	adverbe	384.8	vide			vide		
326	fort	adverbe	384.7	symbole	musculation	0.83	objet	poses/pompes-barbare	sport pompes musculation
327	reste	nom	383.1	vide			vide		
328	battre	verbe	382.7		battre	0.53	rien	poses/saut-femme	sauter saut bondir
329	là-bas	adverbe	380.8				hors vocabulaire		
330	genre	nom	379.4		genre	0.38	rien	cube-pets/animal-crab	animal crabe
331	coucher	verbe	378.2	symbole	lit	0.96	objet	furniture-kit/bedDouble	lit
332	emmener	verbe	378.2		emmener	0.57	porteur	kaykit-medieval/tent	tente
333	rouge	adjectif	376.2	symbole	couleurs	1.00	objet	pictos/palette	couleurs
334	bruit	nom	375.6	symbole	tambour	0.82	objet	objets-oga/drumset	batterie tambour
335	bouche	nom	373.5		bouche	1.00	objet	pictos/bouche	bouche
336	esprit	nom	372.1	symbole	cerveau	1.00	objet	pictos/cerveau	cerveau
337	droit	nom	371.3	symbole	justice	1.00	objet	pictos/balance	justice
338	fenêtre	nom	370.8		fenêtre	0.98	objet	q-interior/Window_Large1	fenêtre
339	propre	adjectif	370.7		propre	0.42	rien	mini-characters/character-male-a	personne homme
340	âge	nom	370	symbole	anniversaire	0.83	objet	food-kit/cake-birthday	gâteau anniversaire
341	reconnaître	verbe	369.9		reconnaître	0.40	rien	mini-characters/character-male-a	personne homme
342	compte	nom	369.3	symbole	monnaie	0.87	objet	kaykit-board-game-bits/coin_10_gold	pièces monnaie
343	apporter	verbe	369.2	symbole	carton	0.80	objet	furniture-kit/cardboardBoxClosed	carton déménagement
344	bouger	verbe	368.7	symbole	marche	0.79	objet	poses/marche-femme	marcher marche promenade
345	pauvre	adjectif	365.8		pauvre	0.49	rien	poses/debout-casual-male	homme garçon
346	mer	nom	364.2	symbole	voilier	0.98	objet	watercraft-kit/boat-sail-a	voilier
347	état	nom	363.9		état	0.39	rien	poses/debout-suit-female	femme affaires bureau
348	jeu	nom	363.8		jeu	0.74	objet	mini-arcade/basketball-game	basket jeu
349	nouvelle	adjectif	363.6		nouvelle	0.35	rien	pictos/reveil	réveil
350	juste	adverbe	362.2	vide			vide		
351	général	nom	361.7	symbole	chevalier	1.01	objet	poses/debout-knight-male	chevalier
352	police	nom	359.9		police	0.93	objet	car-kit/police	voiture police
353	permettre	verbe	357.1		permettre	0.43	rien	poses/bricole-barbare	bricoler réparer bricolage
354	crier	verbe	356.7	symbole	cri	1.00	objet	pictos/porte-voix	cri
355	chemin	nom	356.6	vide			vide		
356	endroit	nom	355.8	symbole	pancarte	0.85	objet	nature-kit/sign	panneau pancarte
357	pleurer	verbe	354.9		pleurer	0.83	objet	poses/triste-femme	triste tristesse chagrin
358	bientôt	adverbe	354.6		bientôt	0.35	rien	poses/joie-femme	joie heureux bonheur
359	journée	nom	354.3	vide			vide		
360	tellement	adverbe	352.2		tellement	0.48	rien	pictos/etonnement	étonnement
361	école	nom	350.9		école	0.87	objet	objets-oga/ecole	école collège lycée
362	disparaître	verbe	349.4		disparaître	0.44	rien	poses/bricole-barbare	bricoler réparer bricolage
363	gars	nom	348.9	symbole	homme	0.83	objet	poses/debout-casual-male	homme garçon
364	remettre	verbe	347.5		remettre	0.51	rien	poses/bricole-barbare	bricoler réparer bricolage
365	putain	nom	347.1		putain	0.58	porteur	pictos/honte	honte
366	joli	adjectif	346.4	symbole	fleur	0.97	objet	kaykit-mixed-bag-1/flax_flower_A	fleur
367	soeur	nom	346	symbole	femme	0.92	objet	poses/debout-casual-female	femme fille
368	sauver	verbe	345.6	symbole	secours	0.79	objet	q-survival/FirstAidKit_Hard	trousse secours
369	d'abord	adverbe	344.8		abord	0.43	rien	pictos/ampoule	idée
370	avant	adverbe	342.1		avant	0.51	rien	poses/assis-chaise-ranger	assis chaise attendre
371	français	adjectif	341.9	symbole	drapeau	0.99	objet	pirate-kit/flag-high-pennant	drapeau
372	doigt	nom	341.8		doigt	1.00	objet	pictos/doigt	doigt
373	café	nom	340.9		café	1.00	objet	food-kit/frappe	café
374	cher	adjectif	339.4		cher	0.34	rien	q-food/Bottle1	bouteille vin
375	salut	nom	339.2		salut	0.74	objet	poses/salue-ranger	saluer salut adieu
376	papa	nom	336.2		papa	0.71	objet	poses/debout-oldclassy-male	papi pépé vieux
377	sens	nom	335.1		sens	0.51	rien	pictos/pensee	pensée
378	jambe	nom	334.8		jambe	1.00	objet	pictos/jambe	jambe
379	parent	nom	334.7	symbole	personne	0.76	objet	mini-characters/character-female-a	personne femme
380	dur	adjectif	334.5		dur	0.42	rien	kaykit-forest/Grass_1_A_Color1	herbe
381	vérité	nom	334.1	symbole	miroir	0.97	objet	furniture-kit/bathroomMirror	miroir
382	salle	nom	332.7		salle	0.58	porteur	mali/mali_civic_center	palais
383	arme	nom	331.7		arme	0.45	rien	poses/debout-ninja-female	ninja
384	vieux	nom	331.5	symbole	papi	0.72	objet	poses/debout-oldclassy-male	papi pépé vieux
385	après	adverbe	330.9		après	0.41	rien	kaykit-halloween-bits/tree_dead_large	arbre mort
386	service	nom	330.4		service	0.44	rien	coaster-kit/stall-information	accueil information
387	préparer	verbe	328.5	symbole	cuisine	0.84	objet	furniture-kit/kitchenStove	cuisine cuisinière
388	frapper	verbe	328.4	symbole	main	1.00	objet	pictos/main	main
389	voler	verbe	327.5	symbole	avion	0.95	objet	vehicules/avion-jouet	avion
390	film	nom	326.8	symbole	cinéma	0.99	objet	pictos/cinema	cinéma
391	milieu	nom	326.3		milieu	0.39	rien	archipel/banc	banc
392	papier	nom	323.6		papier	0.76	objet	vehicules/avion-papier	avion papier
393	découvrir	verbe	322.4	symbole	trésor	0.92	objet	survival-kit/chest	coffre trésor
394	partout	adverbe	321.3		partout	0.37	rien	pictos/globe	monde
395	docteur	nom	321.2		docteur	0.92	objet	poses/debout-doctor-male-old	médecin docteur
396	épaule	nom	321.1	symbole	bras	1.00	objet	pictos/bras	bras
397	cours	nom	319.8	symbole	école	0.87	objet	objets-oga/ecole	école collège lycée
398	premier	nom	319.7		premier	0.36	rien	pictos/trophee	victoire
399	bureau	nom	317.2		bureau	0.96	objet	furniture-kit/desk	bureau
400	sourire	verbe	316.9	symbole	joie	0.87	objet	poses/joie-femme	joie heureux bonheur
401	hier	adverbe	316.4		hier	0.48	rien	poses/joie-femme	joie heureux bonheur
402	important	adjectif	316.1		important	0.36	rien	pictos/doute	doute
403	dos	nom	314.3		dos	1.00	objet	poses/dos-casual-female	dos
404	conduire	verbe	314.3	symbole	voiture	0.97	objet	toy-car-kit/vehicle-suv	voiture
405	approcher	verbe	313.8		approcher	0.52	rien	poses/saut-femme	sauter saut bondir
406	travers	nom	313.2		travers	0.40	rien	q-survival/Backpack	sac randonnée
407	préférer	verbe	312.8		préférer	0.44	rien	poses/creuse-rogue	creuser bêcher jardiner
408	geste	nom	311.9	symbole	main	1.00	objet	pictos/main	main
409	désoler	verbe	311.7	symbole	triste	0.71	objet	poses/triste-femme	triste tristesse chagrin
410	accepter	verbe	310.5	symbole	accord	1.01	objet	pictos/accord	accord
411	effet	nom	309.1		effet	0.47	rien	pictos/ampoule	idée
412	journal	nom	308.5	symbole	livre	0.99	objet	kaykit-furniture-bits/book_single	livre
413	cheval	nom	308.4		cheval	0.88	objet	poses/bete-horse	cheval jument
414	bord	nom	308		bord	0.66	porteur	q-ships/Boat	barque bateau
415	meilleur	adjectif	308		meilleur	0.47	rien	mini-arcade/character-gamer	joueur
416	ressembler	verbe	306.1	symbole	miroir	0.97	objet	furniture-kit/bathroomMirror	miroir
417	choisir	verbe	304.4	symbole	justice	1.00	objet	pictos/balance	justice
418	photo	nom	303.7		photo	0.96	objet	kaykit-mixed-bag-1/instantcamera	appareil-photo photo
419	libre	adjectif	302.3	symbole	oiseau	1.00	objet	archipel/oiseau-fou	oiseau
420	revoir	verbe	302.3	symbole	salut	0.74	objet	poses/salue-ranger	saluer salut adieu
421	réveiller	verbe	301.4	symbole	réveil	1.00	objet	pictos/reveil	réveil
422	présenter	verbe	301		présenter	0.38	rien	poses/porte-kenney	porter carton déménager
423	vendre	verbe	299.6	symbole	marché	0.98	objet	fantasy-town-kit/stall	marché
424	sac	nom	298.9		sac	0.97	objet	kaykit-medieval/sack	sac
425	coin	nom	298.8		coin	0.51	porteur	food-kit/pot	pot
426	répéter	verbe	298.4		répéter	0.43	rien	poses/saut-femme	sauter saut bondir
427	revoir	nom	298.1	symbole	salut	0.74	objet	poses/salue-ranger	saluer salut adieu
428	vent	nom	297.6		vent	0.78	objet	fantasy-town-kit/windmill	moulin vent
429	retour	nom	297.6	symbole	valise	1.01	objet	pictos/valise	valise
430	ensuite	adverbe	297.1		ensuite	0.34	rien	q-survival/Bandages	pansement
431	refuser	verbe	296.7	symbole	interdit	1.00	objet	pictos/interdit	interdit
432	couper	verbe	296.7		couper	0.62	porteur	food-kit/cutting-board-round	planche découper
433	taire	verbe	294.3	symbole	silence	1.00	objet	pictos/chut	silence
434	âme	nom	293.2	symbole	paix	0.99	objet	pictos/colombe	paix
435	empêcher	verbe	293.1	symbole	interdit	1.00	objet	pictos/interdit	interdit
436	chanter	verbe	292.1	symbole	micro	1.01	objet	pictos/micro	micro
437	avancer	verbe	290.6		avancer	0.61	porteur	poses/lance-ranger	lancer jeter
438	arbre	nom	290.3		arbre	0.98	objet	nature-kit/tree_default	arbre
439	dehors	adverbe	289.8		dehors	0.44	rien	q-transport/SchoolBus	car scolaire bus
440	désolé	adjectif	289.1	symbole	triste	0.71	objet	poses/triste-femme	triste tristesse chagrin
441	froid	adjectif	288.9	symbole	neige	0.98	objet	holiday-kit/snow-flat-large	neige
442	rêve	nom	287.3	symbole	pensée	1.00	objet	pictos/pensee	pensée
443	promettre	verbe	286.7	symbole	accord	1.01	objet	pictos/accord	accord
444	simple	adjectif	286.3		simple	0.34	rien	furniture-kit/lampWall	applique lampe
445	certain	adjectif	286.2		certain	0.58	porteur	pictos/doute	doute
446	marier	verbe	285.6	symbole	bague	1.00	objet	pictos/bague	bague
447	exister	verbe	284.4		exister	0.28	rien	pictos/ampoule	idée
448	amener	verbe	284.2		amener	0.54	rien	poses/lance-ranger	lancer jeter
449	musique	nom	284.1	symbole	radio	0.98	objet	furniture-kit/radio	radio
450	inquiéter	verbe	283.2	symbole	inquiétude	1.00	objet	pictos/inquietude	inquiétude
451	pareil	adjectif	283.1		pareil	0.47	rien	poses/joie-femme	joie heureux bonheur
452	attention	nom	283.1		attention	0.99	objet	pictos/attention	attention
453	ramener	verbe	282		ramener	0.52	rien	kaykit-medieval/tent	tente
454	parole	nom	281.8		parole	1.00	objet	pictos/bulle	parole
455	couleur	nom	281	symbole	couleurs	1.00	objet	pictos/palette	couleurs
456	maître	nom	280	symbole	école	0.87	objet	objets-oga/ecole	école collège lycée
457	clair	adjectif	279.4		clair	0.47	rien	pictos/yeux	yeux
458	ombre	nom	279.1		ombre	0.58	porteur	pictos/arc-en-ciel	arc-en-ciel iris
459	bleu	adjectif	278.2	symbole	couleurs	1.00	objet	pictos/palette	couleurs
460	embrasser	verbe	276.5	symbole	cœur	0.88	objet	platformer-kit/heart	cœur amour
461	roi	nom	276.4		roi	0.73	objet	objets-oga/chess_king	échecs roi
462	merde	nom	275.8		merde	0.59	porteur	kaykit-city-builder-bits/trash_A	poubelle
463	peau	nom	275.2		peau	0.60	porteur	pictos/visage	visage
464	patron	nom	274		patron	0.67	porteur	poses/debout-suit-male	costume cravate patron
465	hôtel	nom	273.6	symbole	lit	0.96	objet	furniture-kit/bedDouble	lit
466	traverser	verbe	273.1	symbole	pont	1.00	objet	archipel/pont	pont
467	bas	adjectif	272.6		bas	0.40	rien	platformer-kit/sign	panneau
468	image	nom	271		image	0.65	porteur	kaykit-mixed-bag-1/instantcamera_picture_A	photo photographie
469	rapport	nom	271		rapport	0.38	rien	kaykit-furniture-bits/pictureframe_medium	cadre tableau
470	forme	nom	270.9		forme	0.52	rien	food-kit/utensil-spoon	couvert cuillère
471	difficile	adjectif	268.7		difficile	0.45	rien	pictos/doute	doute
472	apercevoir	verbe	267.7	symbole	yeux	1.01	objet	pictos/yeux	yeux
473	oreille	nom	267.7		oreille	1.00	objet	pictos/oreille	oreille
474	content	adjectif	265.4	symbole	joie	0.87	objet	poses/joie-femme	joie heureux bonheur
475	ignorer	verbe	265		ignorer	0.48	rien	pictos/question	question
476	haut	adjectif	264.8		haut	0.51	rien	pictos/pied	pied
477	faute	nom	264.5	symbole	erreur	0.99	objet	pictos/erreur	erreur
478	fleur	nom	264.1		fleur	0.97	objet	kaykit-mixed-bag-1/flax_flower_A	fleur
479	glisser	verbe	264.1	symbole	luge	0.75	objet	holiday-kit/sled-long	luge traîneau noël
480	ajouter	verbe	263.5		ajouter	0.46	rien	poses/bricole-barbare	bricoler réparer bricolage
481	voyage	nom	263.2	symbole	valise	1.01	objet	pictos/valise	valise
482	dame	nom	262.6	symbole	femme	0.92	objet	poses/debout-casual-female	femme fille
483	amuser	verbe	262.4		amuser	0.56	porteur	poses/marche-dog	chien promener
484	copain	nom	262		copain	0.59	porteur	mini-skate/character-skate-boy	skateur garçon
485	depuis	adverbe	261.2		depuis	0.42	rien	toy-car-kit/vehicle-vintage-racer	voiture ancienne
486	lâcher	verbe	260.3		lâcher	0.71	objet	poses/saut-femme	sauter saut bondir
487	souvenir	nom	260.3	symbole	photo	0.96	objet	kaykit-mixed-bag-1/instantcamera	appareil-photo photo
488	lèvre	nom	259.9	symbole	bouche	1.00	objet	pictos/bouche	bouche
489	serrer	verbe	258.5	symbole	main	1.00	objet	pictos/main	main
490	espèce	nom	258.2		espèce	0.67	porteur	archipel/bete-rougegorge	oiseau passereau
491	intéresser	verbe	258.2		intéresser	0.39	rien	pictos/attention	attention
492	facile	adjectif	258		facile	0.39	rien	poses/creuse-rogue	creuser bêcher jardiner
493	sauter	verbe	257.6		sauter	0.84	objet	poses/saut-femme	sauter saut bondir
494	téléphone	nom	257.6		téléphone	0.93	objet	q-survival/Phone	téléphone portable
495	gentil	adjectif	257.5	symbole	cœur	0.88	objet	platformer-kit/heart	cœur amour
496	pierre	nom	257		pierre	0.94	objet	nature-kit/stone_largeA	pierre
497	tôt	adverbe	256.7		tôt	0.44	rien	pictos/doute	doute
498	carte	nom	256.4		carte	1.00	objet	pictos/carte	carte
499	début	nom	255.8	symbole	plante	0.96	objet	nature-kit/plant_flatShort	plante
500	confiance	nom	254.9	symbole	accord	1.01	objet	pictos/accord	accord
501	oncle	nom	254.4	symbole	homme	0.83	objet	poses/debout-casual-male	homme garçon
502	réussir	verbe	254	symbole	damier	0.78	objet	racing-kit/flagCheckers	drapeau damier
503	casser	verbe	253.3		casser	0.57	porteur	poses/saut-femme	sauter saut bondir
504	nez	nom	252.8		nez	1.01	objet	pictos/nez	nez
505	habitude	nom	252.7		habitude	0.52	rien	poses/dort-ranger	dormir sommeil sieste
506	ligne	nom	252.1		ligne	0.60	porteur	vehicules/avion-ligne	avion ligne aéroport
507	sourire	nom	251.4	symbole	joie	0.87	objet	poses/joie-femme	joie heureux bonheur
508	enlever	verbe	251.2		enlever	0.54	rien	poses/bricole-barbare	bricoler réparer bricolage
509	rêver	verbe	251.1	symbole	lit	0.96	objet	furniture-kit/bedDouble	lit
510	debout	adverbe	250.7		debout	0.66	porteur	poses/assis-sol-kenney-f	assis asseoir repos
511	fête	nom	250		fête	0.99	objet	pictos/fete	fête
512	sale	adjectif	248.9		sale	0.43	rien	kaykit-city-builder-bits/trash_A	poubelle
513	paix	nom	248.6		paix	0.99	objet	pictos/colombe	paix
514	armée	nom	247.6	symbole	chevalier	1.01	objet	poses/debout-knight-male	chevalier
515	tromper	verbe	246.4	symbole	mensonge	1.00	objet	pictos/mensonge	mensonge
516	mariage	nom	246.1	symbole	bague	1.00	objet	pictos/bague	bague
517	seconde	nom	246	symbole	sablier	0.97	objet	kaykit-board-game-bits/hourglass	sablier
518	jardin	nom	246	symbole	fleurs	1.00	objet	archipel/fleurs	fleurs
519	cesser	verbe	245.9	symbole	stop	1.00	objet	pictos/stop	stop
520	oser	verbe	245.7		oser	0.49	rien	poses/joie-femme	joie heureux bonheur
521	impression	nom	245.5		impression	0.53	rien	objets-oga/stylo-crayon	stylo crayon écrire
522	capitaine	nom	245.3		capitaine	0.56	porteur	poses/debout-knight-male	chevalier
523	odeur	nom	245.2	symbole	nez	1.01	objet	pictos/nez	nez
524	tendre	verbe	245		tendre	0.47	porteur	poses/ramasse-homme	ramasser cueillir
525	signe	nom	244	symbole	pancarte	0.85	objet	nature-kit/sign	panneau pancarte
526	numéro	nom	243.5		numéro	0.44	rien	kaykit-mixed-bag-1/comicbook_A	bd album
527	terminer	verbe	242.4	symbole	damier	0.78	objet	racing-kit/flagCheckers	drapeau damier
528	droit	adjectif	241.1	symbole	justice	1.00	objet	pictos/balance	justice
529	bonheur	nom	241.1		bonheur	0.80	objet	poses/joie-femme	joie heureux bonheur
530	habiter	verbe	240.8	symbole	maison	1.00	objet	archipel/maison-automne	maison
531	lancer	verbe	240.3		lancer	0.84	objet	poses/lance-ranger	lancer jeter
532	or	nom	240.3	vide			vide		
533	village	nom	239.8	symbole	maison	1.00	objet	archipel/maison-automne	maison
534	drôle	adjectif	239.5	symbole	joie	0.87	objet	poses/joie-femme	joie heureux bonheur
535	abandonner	verbe	239.3		abandonner	0.41	rien	poses/lance-ranger	lancer jeter
536	boulot	nom	238.6		boulot	0.58	porteur	poses/bricole-barbare	bricoler réparer bricolage
537	adorer	verbe	238.3	symbole	cœur	0.88	objet	platformer-kit/heart	cœur amour
538	mener	verbe	237.6		mener	0.40	rien	poses/lance-ranger	lancer jeter
539	mentir	verbe	237.2	symbole	mensonge	1.00	objet	pictos/mensonge	mensonge
540	exactement	adverbe	237		exactement	0.39	rien	pictos/question	question
541	soldat	nom	236.8	symbole	chevalier	1.01	objet	poses/debout-knight-male	chevalier
542	bébé	nom	236.8		bébé	1.01	objet	pictos/bebe	bébé
543	plan	nom	236.5	symbole	carte	1.00	objet	pictos/carte	carte
544	près	adverbe	236.5		près	0.47	rien	kaykit-city-builder-bits/building_A_withoutBase	immeuble maison ville
545	grave	adjectif	236.3		grave	0.40	porteur	poses/triste-femme	triste tristesse chagrin
546	ok	adjectif	236				hors vocabulaire		
547	fort	adjectif	235.6	symbole	musculation	0.83	objet	poses/pompes-barbare	sport pompes musculation
548	naître	verbe	235.4	symbole	bébé	1.01	objet	pictos/bebe	bébé
549	gueule	nom	235.2		gueule	0.57	porteur	pictos/bouche	bouche
550	assurer	verbe	234.3		assurer	0.37	rien	poses/assis-sol-kenney-f	assis asseoir repos
551	doux	adjectif	234.2	symbole	peluche	0.83	objet	furniture-kit/bear	ours peluche nounours
552	prix	nom	234.1	symbole	monnaie	0.87	objet	kaykit-board-game-bits/coin_10_gold	pièces monnaie
553	souffrir	verbe	233.1	symbole	pansement	0.97	objet	q-survival/Bandages	pansement
554	sentiment	nom	233	symbole	cœur	0.88	objet	platformer-kit/heart	cœur amour
555	installer	verbe	233		installer	0.47	rien	poses/porte-kenney	porter carton déménager
556	robe	nom	232.6		robe	1.00	objet	pictos/robe	robe
557	vue	nom	232.2	vide			vide		
558	doucement	adverbe	232.2		doucement	0.50	rien	poses/triste-femme	triste tristesse chagrin
559	malade	adjectif	232.2	symbole	médecin	0.90	objet	poses/debout-doctor-male-old	médecin docteur
560	faux	adjectif	231.8	symbole	erreur	0.99	objet	pictos/erreur	erreur
561	rejoindre	verbe	231.8		rejoindre	0.38	rien	kaykit-medieval/tent	tente
562	remonter	verbe	231.5	symbole	échelle	0.93	objet	kaykit-medieval/ladder	échelle
563	aide	nom	231.1		aide	0.65	porteur	q-survival/FirstAidKit_Hard	trousse secours
564	jurer	verbe	230.2				hors vocabulaire		
565	manière	nom	230.1		manière	0.47	rien	pictos/ampoule	idée
566	danser	verbe	229.9		danser	0.93	objet	poses/danse-cube-monkey	danser danse
567	soudain	adverbe	228.5		soudain	0.59	porteur	pictos/etonnement	étonnement
568	honneur	nom	228.1	symbole	médaille	1.00	objet	pictos/medaille	médaille
569	ancien	adjectif	228	symbole	ruine	0.96	objet	kaykit-medieval/building_destroyed	ruine
570	différent	adjectif	227.8		différent	0.34	rien	kaykit-resource-bits/Pallet_Wood_Covered_A	palette
571	échapper	verbe	227.7	symbole	courir	0.84	objet	poses/course-femme	courir course jogging
572	groupe	nom	226.9	symbole	personne	0.76	objet	mini-characters/character-female-a	personne femme
573	sujet	nom	226.2		sujet	0.67	porteur	pictos/question	question
574	intérieur	nom	226		intérieur	0.49	rien	kaykit-city-builder-bits/building_A_withoutBase	immeuble maison ville
575	utiliser	verbe	225.9		utiliser	0.50	rien	poses/bricole-barbare	bricoler réparer bricolage
576	flic	nom	225.9	symbole	police	0.93	objet	car-kit/police	voiture police
577	pouvoir	nom	225.8	vide			vide		
578	craindre	verbe	225.8		craindre	0.52	porteur	pictos/inquietude	inquiétude
579	joie	nom	225.3		joie	0.87	objet	poses/joie-femme	joie heureux bonheur
580	rouler	verbe	225.3	symbole	vélo	0.94	objet	q-transport/Bicycle	vélo bicyclette
581	entier	adjectif	223.9		entier	0.44	rien	pictos/globe	monde
582	chat	nom	223.7		chat	1.00	objet	archipel/bete-chat	chat
583	cuisine	nom	223.3		cuisine	0.84	objet	furniture-kit/kitchenStove	cuisine cuisinière
584	mouvement	nom	223.3		mouvement	0.44	rien	pictos/pensee	pensée
585	être	nom	223.3	vide			vide		
586	président	nom	223	symbole	costume	0.79	objet	poses/debout-suit-male	costume cravate patron
587	scène	nom	222.9	symbole	théâtre	1.00	objet	pictos/theatre	théâtre
588	boîte	nom	222.9		boîte	0.97	objet	kaykit-city-builder-bits/box_A	boîte
589	remarquer	verbe	222.7		remarquer	0.48	rien	pictos/attention	attention
590	cour	nom	221.9		cour	0.56	porteur	mali/mali_civic_center	palais
591	couvrir	verbe	221.8		couvrir	0.42	rien	food-kit/cutting-board-round	planche découper
592	propos	nom	221.5		propos	0.53	rien	pictos/question	question
593	impossible	adjectif	220.6		impossible	0.47	rien	pictos/question	question
594	au-dessus	adverbe	220.3				hors vocabulaire		
595	prison	nom	219.9		prison	0.43	rien	car-kit/police	voiture police
596	grand	nom	219.9		grand	0.48	rien	mali/mali_civic_center	palais
597	maintenir	verbe	219.8		maintenir	0.38	rien	poses/assis-sol-kenney-f	assis asseoir repos
598	exemple	nom	219.8		exemple	0.52	rien	kaykit-furniture-bits/pictureframe_medium	cadre tableau
599	prochain	adjectif	219.6		prochain	0.53	rien	poses/salue-ranger	saluer salut adieu
600	cul	nom	219.1		cul	0.50	rien	furniture-kit/cabinetBed	chevet
601	simplement	adverbe	219.1		simplement	0.42	rien	poses/bricole-barbare	bricoler réparer bricolage
602	peuple	nom	218.7	symbole	personne	0.76	objet	mini-characters/character-female-a	personne femme
603	humain	adjectif	218.6	symbole	personne	0.76	objet	mini-characters/character-female-a	personne femme
604	nu	adjectif	217.9				hors vocabulaire		
605	vivant	adjectif	217.2	symbole	plante	0.96	objet	nature-kit/plant_flatShort	plante
606	balle	nom	216.7	symbole	football	0.90	objet	kaykit-holiday-bits/football	ballon football
607	garde	nom	216.6	symbole	chevalier	1.01	objet	poses/debout-knight-male	chevalier
608	médecin	nom	215.8		médecin	0.90	objet	poses/debout-doctor-male-old	médecin docteur
609	retenir	verbe	215.5		retenir	0.50	rien	poses/lance-ranger	lancer jeter
610	charger	verbe	215.2		charger	0.54	rien	poses/lance-ranger	lancer jeter
611	accompagner	verbe	215	symbole	marche	0.79	objet	poses/marche-femme	marcher marche promenade
612	brûler	verbe	215	symbole	feu	0.78	objet	q-survival/Bonfire_Fire	feu camp
613	seigneur	nom	214		seigneur	0.64	porteur	poses/debout-knight-male	chevalier
614	situation	nom	213.8		situation	0.47	rien	pictos/question	question
615	calmer	verbe	213.6	symbole	sieste	0.81	objet	poses/dort-ranger	dormir sommeil sieste
616	camp	nom	212.2		camp	0.76	objet	archipel/feu	feu camp
617	tranquille	adjectif	211.6	symbole	sieste	0.81	objet	poses/dort-ranger	dormir sommeil sieste
618	église	nom	209.8		église	0.98	objet	kaykit-medieval/building_church_blue	église
619	pensée	nom	209.4		pensée	1.00	objet	pictos/pensee	pensée
620	triste	adjectif	209.1		triste	0.71	objet	poses/triste-femme	triste tristesse chagrin
621	chéri	nom	208.3		chéri	0.56	porteur	pictos/bebe	bébé
622	vide	adjectif	207.8		vide	0.50	rien	q-interior/Shelf_Large	étagère
623	sûrement	adverbe	207.8		sûrement	0.78	objet	pictos/doute	doute
624	présent	nom	207.7		présent	0.32	rien	q-food/Orange	orange
625	bateau	nom	207.2		bateau	0.94	objet	q-ships/Boat	barque bateau
626	époque	nom	206.9	symbole	sablier	0.97	objet	kaykit-board-game-bits/hourglass	sablier
627	tenter	verbe	206.7		tenter	0.58	porteur	kaykit-medieval/tent	tente
628	avion	nom	206.4		avion	0.95	objet	vehicules/avion-jouet	avion
629	gauche	nom	206.4		gauche	0.50	rien	pictos/bras	bras
630	marche	nom	206.1		marche	0.79	objet	poses/marche-femme	marcher marche promenade
631	réfléchir	verbe	205.8	symbole	doute	1.00	objet	pictos/doute	doute
632	avis	nom	204.4		avis	0.54	rien	pictos/question	question
633	ennemi	nom	204.3	symbole	loup	1.00	objet	poses/bete-wolf	loup
634	français	nom	204.1	symbole	drapeau	0.99	objet	pirate-kit/flag-high-pennant	drapeau
635	faim	nom	204	symbole	repas	0.90	objet	kaykit-restaurant-bits/food_dinner	repas dîner
636	aussitôt	adverbe	203.5		aussitôt	0.39	rien	poses/acclame-barbare	applaudir acclamer applaudissements
637	apparaître	verbe	203		apparaître	0.40	rien	pictos/visage	visage
638	prévenir	verbe	203		prévenir	0.42	rien	q-survival/FirstAidKit_Hard	trousse secours
639	protéger	verbe	202.9	symbole	cadenas	0.95	objet	platformer-kit/lock	cadenas
640	haut	nom	202.9		haut	0.51	rien	pictos/pied	pied
641	mort	adjectif	202.5		mort	0.86	objet	kaykit-halloween-bits/tree_dead_large	arbre mort
642	cri	nom	201		cri	1.00	objet	pictos/porte-voix	cri
643	front	nom	200.2		front	0.38	rien	fantasy-town-kit/banner-red	bannière rouge
644	prince	nom	200.1	symbole	château	0.97	objet	kaykit-medieval/building_castle_blue	château
645	dent	nom	199.9		dent	1.00	objet	pictos/dent	dent
646	goût	nom	199.8	symbole	langue	1.00	objet	pictos/langue	langue
647	risquer	verbe	199.7	symbole	attention	0.99	objet	pictos/attention	attention
648	ton	nom	199.6	vide			vide		
649	secret	nom	199.5	symbole	silence	1.00	objet	pictos/chut	silence
650	visite	nom	199.3	symbole	photo	0.96	objet	kaykit-mixed-bag-1/instantcamera	appareil-photo photo
651	obliger	verbe	199.2		obliger	0.50	rien	kaykit-medieval/tent	tente
652	inviter	verbe	199.1	symbole	table	0.97	objet	furniture-kit/table	table
653	passage	nom	199.1		passage	0.51	rien	nature-kit/fence_bend	clôture barrière courbé
654	trou	nom	199.1		trou	0.55	porteur	kaykit-holiday-bits/snowball	boule neige
655	éviter	verbe	197.9		éviter	0.48	rien	poses/bricole-barbare	bricoler réparer bricolage
656	vert	adjectif	197.7	symbole	plante	0.96	objet	nature-kit/plant_flatShort	plante
657	sol	nom	197.5		sol	0.38	rien	fantasy-town-kit/hedge-large	haie
658	chaud	adjectif	197.5	symbole	feu	0.78	objet	q-survival/Bonfire_Fire	feu camp
659	vin	nom	197.3		vin	0.96	objet	food-kit/wine-red	vin rouge
660	réponse	nom	197	symbole	parole	1.00	objet	pictos/bulle	parole
661	noir	nom	196.6	symbole	couleurs	1.00	objet	pictos/palette	couleurs
662	poche	nom	195.9	symbole	pantalon	1.00	objet	pictos/pantalon	pantalon
663	langue	nom	195.4		langue	1.00	objet	pictos/langue	langue
664	tante	nom	195		tante	0.78	objet	poses/debout-casual-female	femme fille
665	gouvernement	nom	194.7		gouvernement	0.47	rien	poses/debout-suit-female	femme affaires bureau
666	rire	nom	194.3	symbole	joie	0.87	objet	poses/joie-femme	joie heureux bonheur
667	client	nom	193.7	symbole	panier	0.77	objet	mini-market/shopping-basket	panier courses
668	long	nom	193.1		long	0.48	rien	watercraft-kit/boat-fan	bateau marais
669	été	nom	192.7	symbole	parasol	0.87	objet	city-kit-commercial/detail-parasol-a	parasol terrasse
670	arranger	verbe	191.9		arranger	0.42	rien	poses/bricole-barbare	bricoler réparer bricolage
671	bas	nom	191.6		bas	0.40	rien	platformer-kit/sign	panneau
672	con	nom	191.6		con	0.42	rien	food-kit/pizza	pizza
673	départ	nom	191.5	symbole	valise	1.01	objet	pictos/valise	valise
674	courant	nom	191.3		courant	0.42	rien	pictos/pensee	pensée
675	oiseau	nom	190.8		oiseau	1.00	objet	archipel/oiseau-fou	oiseau
676	moyen	nom	190.5		moyen	0.40	rien	pictos/doute	doute
677	emporter	verbe	190.3	symbole	sac	0.97	objet	kaykit-medieval/sack	sac
678	normal	adjectif	189.9		normal	0.37	rien	pictos/cerveau	cerveau
679	proposer	verbe	189.7		proposer	0.45	rien	pictos/ampoule	idée
680	annoncer	verbe	189.6	symbole	cri	1.00	objet	pictos/porte-voix	cri
681	filer	verbe	189.5		filer	0.57	porteur	poses/bricole-barbare	bricoler réparer bricolage
682	étrange	adjectif	189.2		étrange	0.54	rien	pictos/etonnement	étonnement
683	ventre	nom	188.9		ventre	0.59	porteur	poses/dos-casual-female	dos
684	léger	adjectif	188.8		léger	0.41	rien	furniture-kit/coatRackStanding	portemanteau manteau
685	atteindre	verbe	188.6		atteindre	0.43	rien	poses/saut-femme	sauter saut bondir
686	traîner	verbe	188.3		traîner	0.58	porteur	poses/lance-ranger	lancer jeter
687	contraire	nom	188.1		contraire	0.46	rien	pictos/ampoule	idée
688	hôpital	nom	188.1		hôpital	0.98	objet	q-buildings/Hospital	hôpital
689	classe	nom	187.9	symbole	école	0.87	objet	objets-oga/ecole	école collège lycée
690	honte	nom	186.9		honte	1.00	objet	pictos/honte	honte
691	complètement	adverbe	186.8		complètement	0.35	rien	fantasy-town-kit/fence-broken	clôture barrière cassé
692	avenir	nom	186.3		avenir	0.42	rien	pictos/globe	monde
693	sec	adjectif	185.9	symbole	cactus	0.98	objet	nature-kit/cactus_short	cactus
694	détester	verbe	185.5				hors vocabulaire		
695	deviner	verbe	185.1		deviner	0.48	rien	poses/accroupi-kenney	accroupi cacher
696	bête	nom	185		bête	0.63	porteur	poses/debout-witch	sorcière
697	pardonner	verbe	184.1	symbole	prière	1.00	objet	pictos/priere	prière
698	bizarre	adjectif	183.6		bizarre	0.46	rien	food-kit/lollypop	sucette bonbon
699	bonsoir	nom	183.4	symbole	salut	0.74	objet	poses/salue-ranger	saluer salut adieu
700	lentement	adverbe	183		lentement	0.36	rien	archipel/nuage-pluie	pluie nuage averse
701	fumer	verbe	182.9		fumer	0.60	porteur	furniture-kit/toilet	toilettes bain
702	supposer	verbe	182.8		supposer	0.68	porteur	pictos/doute	doute
703	loi	nom	182.4	symbole	justice	1.00	objet	pictos/balance	justice
704	genou	nom	182.2	symbole	accroupi	0.77	objet	poses/accroupi-kenney	accroupi cacher
705	escalier	nom	181.1		escalier	0.67	porteur	q-interior/Fireplace	cheminée
706	présence	nom	180.6		présence	0.39	rien	pictos/traces	traces
707	cigarette	nom	180.5		cigarette	0.58	porteur	q-interior/Bathroom_Towel	serviette
708	moindre	adjectif	180.4		moindre	0.42	rien	pictos/doute	doute
709	effort	nom	179.3	symbole	musculation	0.83	objet	poses/pompes-barbare	sport pompes musculation
710	larme	nom	179.2	symbole	triste	0.71	objet	poses/triste-femme	triste tristesse chagrin
711	parvenir	verbe	179.1		parvenir	0.38	rien	poses/saut-femme	sauter saut bondir
712	reposer	verbe	179.1		reposer	0.67	porteur	poses/assis-sol-kenney-f	assis asseoir repos
713	soirée	nom	179.1	symbole	fête	0.99	objet	pictos/fete	fête
714	baisser	verbe	179		baisser	0.44	rien	poses/saut-femme	sauter saut bondir
715	million	nom	178.8	symbole	or	0.82	objet	kaykit-resource-bits/Gold_Bars_Stack_Large	or lingots
716	siècle	nom	178.7	symbole	ruine	0.96	objet	kaykit-medieval/building_destroyed	ruine
717	retirer	verbe	178.6		retirer	0.50	rien	poses/lance-ranger	lancer jeter
718	lendemain	nom	178.5	symbole	café	1.00	objet	food-kit/frappe	café
719	respirer	verbe	178.5		respirer	0.60	porteur	poses/dort-ranger	dormir sommeil sieste
720	intérêt	nom	178.4		intérêt	0.59	porteur	pictos/attention	attention
721	détruire	verbe	178.4	symbole	ruine	0.96	objet	kaykit-medieval/building_destroyed	ruine
722	épouser	verbe	178	symbole	bague	1.00	objet	pictos/bague	bague
723	quartier	nom	177.9		quartier	0.69	porteur	textured-buildings/4Story	immeuble ville
724	passé	nom	177.8	symbole	ruine	0.96	objet	kaykit-medieval/building_destroyed	ruine
725	seul	nom	177.5		seul	0.46	rien	mini-characters/character-male-a	personne homme
726	liberté	nom	177.5	symbole	oiseau	1.00	objet	archipel/oiseau-fou	oiseau
727	bien	nom	176.8	vide			vide		
728	camarade	nom	176.8	symbole	personne	0.76	objet	mini-characters/character-female-a	personne femme
729	droite	nom	176.7		droite	0.50	rien	pictos/bras	bras
730	cadeau	nom	176.6		cadeau	0.97	objet	kaykit-holiday-bits/present_C_green	cadeau
731	sérieux	adjectif	176.5		sérieux	0.49	rien	pictos/doute	doute
732	erreur	nom	176.2		erreur	0.99	objet	pictos/erreur	erreur
733	séparer	verbe	176	symbole	rupture	1.00	objet	pictos/coeur-brise	rupture
734	durer	verbe	176	symbole	sablier	0.97	objet	kaykit-board-game-bits/hourglass	sablier
735	terrible	adjectif	175.8		terrible	0.53	rien	pictos/colere	colère
736	appartement	nom	175.6		appartement	0.58	porteur	furniture-kit/loungeSofa	salon canapé
737	lourd	adjectif	175.3		lourd	0.43	rien	vehicules/rgs-Truck-with-trailer	camion remorque
738	gris	adjectif	174.5	symbole	nuage	0.97	objet	kaykit-medieval/cloud_small	nuage
739	passé	adjectif	174.5	symbole	ruine	0.96	objet	kaykit-medieval/building_destroyed	ruine
740	éloigner	verbe	174.3		éloigner	0.45	rien	q-survival/Tent	tente
741	quelque	adverbe	174.1	vide			vide		
742	traiter	verbe	174		traiter	0.36	rien	poses/lance-ranger	lancer jeter
743	fixer	verbe	173.7		fixer	0.44	rien	food-kit/cutting-board-round	planche découper
744	appel	nom	173.6	symbole	téléphone	0.93	objet	q-survival/Phone	téléphone portable
745	mètre	nom	173.6		mètre	0.44	rien	kaykit-furniture-bits/shelf_A_small	rayon
746	poste	nom	173.6		poste	0.44	rien	poses/debout-suit-female	femme affaires bureau
747	surprendre	verbe	173.4	symbole	étonnement	1.00	objet	pictos/etonnement	étonnement
748	bon	nom	173.3	vide			vide		
749	retard	nom	173.1	symbole	horloge	1.01	objet	pictos/horloge	horloge
750	pain	nom	173		pain	0.97	objet	food-kit/bread	pain
751	appartenir	verbe	172.9		appartenir	0.30	rien	savane/af_deadTree_01	branche
752	preuve	nom	172.9	symbole	loupe	1.01	objet	pictos/loupe	loupe
753	pencher	verbe	172.8		pencher	0.54	rien	poses/lance-ranger	lancer jeter
754	neuf	adjectif	172.6		neuf	0.38	rien	kaykit-halloween-bits/lantern_hanging	lanterne suspendu
755	saisir	verbe	172.6		saisir	0.46	rien	poses/saut-femme	sauter saut bondir
756	ouvert	adjectif	172.3	symbole	porte	0.95	objet	platformer-kit/door-large-open	porte
757	hasard	nom	172.3	symbole	dé	0.79	objet	kaykit-board-game-bits/D20_red	dé dés
758	grand-père	nom	172.1	symbole	papi	0.72	objet	poses/debout-oldclassy-male	papi pépé vieux
759	mémoire	nom	171.8	symbole	photo	0.96	objet	kaykit-mixed-bag-1/instantcamera	appareil-photo photo
760	gosse	nom	171.7		gosse	0.59	porteur	furniture-kit/rugDoormat	paillasson
761	conseil	nom	171.6		conseil	0.55	porteur	poses/debout-suit-female	femme affaires bureau
762	poursuivre	verbe	171.2	symbole	courir	0.84	objet	poses/course-femme	courir course jogging
763	allumer	verbe	171.1		allumer	0.61	porteur	kaykit-halloween-bits/candle_triple	bougies chandelier
764	compagnie	nom	170.9	symbole	personne	0.76	objet	mini-characters/character-female-a	personne femme
765	déranger	verbe	170.9		déranger	0.53	porteur	poses/dort-ranger	dormir sommeil sieste
766	objet	nom	170.3		objet	0.40	rien	kaykit-furniture-bits/pictureframe_medium	cadre tableau
767	étonner	verbe	170.2	symbole	étonnement	1.00	objet	pictos/etonnement	étonnement
768	attaquer	verbe	170		attaquer	0.49	rien	poses/lance-ranger	lancer jeter
769	défendre	verbe	169.6		défendre	0.41	rien	kaykit-medieval/tent	tente
770	énorme	adjectif	169.3		énorme	0.47	rien	kaykit-holiday-bits/snowball	boule neige
771	obtenir	verbe	169		obtenir	0.34	rien	kaykit-resource-bits/Silver_Bars	argent lingots
772	colère	nom	169		colère	1.00	objet	pictos/colere	colère
773	dessus	adverbe	168.8		dessus	0.53	rien	q-interior/Window_Large1	fenêtre
774	couler	verbe	168.7		couler	0.56	porteur	poses/lance-ranger	lancer jeter
775	pluie	nom	168.7		pluie	0.86	objet	archipel/nuage-pluie	pluie nuage averse
776	remercier	verbe	168.2		remercier	0.61	porteur	poses/salue-ranger	saluer salut adieu
777	feuille	nom	168.1		feuille	0.64	porteur	nature-kit/grass_leafs	herbe feuilles
778	recommencer	verbe	168		recommencer	0.49	rien	poses/bricole-barbare	bricoler réparer bricolage
779	attraper	verbe	167.9		attraper	0.64	porteur	poses/saut-femme	sauter saut bondir
780	grand-mère	nom	167.8	symbole	mamie	0.78	objet	poses/debout-oldclassy-female	mamie mémé vieille
781	douleur	nom	167.8		douleur	0.63	porteur	poses/triste-femme	triste tristesse chagrin
782	souhaiter	verbe	167.8		souhaiter	0.62	porteur	poses/salue-ranger	saluer salut adieu
783	occasion	nom	167.6		occasion	0.49	rien	food-kit/cake-birthday	gâteau anniversaire
784	arracher	verbe	167.6		arracher	0.56	porteur	poses/ramasse-homme	ramasser cueillir
785	supporter	verbe	167.3		supporter	0.40	rien	furniture-kit/ceilingFan	ventilateur
786	appuyer	verbe	167		appuyer	0.44	rien	poses/lance-ranger	lancer jeter
787	entrée	nom	166.9		entrée	0.66	porteur	nature-kit/fence_gate	clôture barrière portail
788	clé	nom	166.7		clé	0.97	objet	platformer-kit/key	clé
789	île	nom	166.6		île	0.63	porteur	tropiques/ReefBase01	récif corail
790	mêler	verbe	166.5		mêler	0.45	rien	poses/danse-cube-monkey	danser danse
791	rôle	nom	166.3		rôle	0.34	rien	platformer-kit/key	clé
792	amoureux	adjectif	166.2	symbole	cœur	0.88	objet	platformer-kit/heart	cœur amour
793	sonner	verbe	166.2	symbole	cloche	0.96	objet	kaykit-holiday-bits/bell	cloche
794	espoir	nom	166.1	symbole	plante	0.96	objet	nature-kit/plant_flatShort	plante
795	douter	verbe	165.9	symbole	doute	1.00	objet	pictos/doute	doute
796	beauté	nom	165.2	symbole	fleur	0.97	objet	kaykit-mixed-bag-1/flax_flower_A	fleur
797	dimanche	nom	165.1	symbole	calendrier	1.00	objet	pictos/calendrier	calendrier
798	mesure	nom	165		mesure	0.45	rien	kaykit-medieval/ladder	échelle
799	regretter	verbe	165		regretter	0.58	porteur	poses/triste-femme	triste tristesse chagrin
800	choix	nom	164.8	symbole	justice	1.00	objet	pictos/balance	justice
801	fil	nom	164.7		fil	0.44	rien	furniture-kit/rugRectangle	tapis
802	relever	verbe	164.4		relever	0.46	rien	poses/bricole-barbare	bricoler réparer bricolage
803	équipe	nom	164.3		équipe	0.59	porteur	kaykit-holiday-bits/football	ballon football
804	art	nom	164.3	symbole	tableau	0.75	objet	kaykit-furniture-bits/pictureframe_large_A	cadre tableau
805	morceau	nom	164.1		morceau	0.43	rien	food-kit/loaf-round	pain
806	cousin	nom	163.8	symbole	personne	0.76	objet	mini-characters/character-female-a	personne femme
807	champ	nom	163.7	symbole	blé	0.98	objet	q-crops/Wheat_4	blé
808	dernier	nom	163.3		dernier	0.45	rien	poses/assis-chaise-ranger	assis chaise attendre
809	capable	adjectif	163.2		capable	0.38	rien	furniture-kit/computerMouse	ordinateur souris
810	animal	nom	163.1		animal	0.84	objet	cube-pets/animal-dog	animal chien
811	engager	verbe	162.8		engager	0.41	rien	poses/lance-ranger	lancer jeter
812	phrase	nom	162.5		phrase	0.52	rien	pictos/lettre	lettre
813	professeur	nom	162.5	symbole	école	0.87	objet	objets-oga/ecole	école collège lycée
814	désir	nom	162.4	symbole	cœur	0.88	objet	platformer-kit/heart	cœur amour
815	super	adjectif	161.9		super	0.52	rien	mini-arcade/pinball	flipper
816	bouteille	nom	161.3		bouteille	0.98	objet	survival-kit/bottle-large	bouteille
817	diriger	verbe	160.8		diriger	0.47	rien	poses/lance-ranger	lancer jeter
818	dégager	verbe	160.5		dégager	0.39	rien	poses/bricole-barbare	bricoler réparer bricolage
819	surprise	nom	160.1	symbole	étonnement	1.00	objet	pictos/etonnement	étonnement
820	cependant	adverbe	159.8		cependant	0.44	rien	pictos/doute	doute
821	message	nom	159.7	symbole	téléphone	0.93	objet	q-survival/Phone	téléphone portable
822	cou	nom	159.4		cou	0.61	porteur	pictos/jambe	jambe
823	sommeil	nom	159.3		sommeil	0.74	objet	poses/dort-ranger	dormir sommeil sieste
824	observer	verbe	158.7	symbole	yeux	1.01	objet	pictos/yeux	yeux
825	coller	verbe	158.5		coller	0.61	porteur	food-kit/cutting-board-round	planche découper
826	calme	nom	158.4	symbole	sieste	0.81	objet	poses/dort-ranger	dormir sommeil sieste
827	profiter	verbe	158.4		profiter	0.51	rien	poses/ramasse-homme	ramasser cueillir
828	campagne	nom	158.3	symbole	blé	0.98	objet	q-crops/Wheat_4	blé
829	chaise	nom	158.3		chaise	0.94	objet	furniture-kit/chair	chaise
830	frais	adjectif	158.1		frais	0.48	rien	kaykit-restaurant-bits/food_ingredient_carrot	nourriture carotte
831	partager	verbe	158.1	symbole	gâteau	0.98	objet	food-kit/cake	gâteau
832	glace	nom	157.8		glace	0.93	objet	food-kit/sundae	glace
833	avouer	verbe	157.8		avouer	0.47	rien	poses/accroupi-kenney	accroupi cacher
834	derrière	adverbe	157.7		derrière	0.57	porteur	platformer-kit/door-large-open	porte
835	sombre	adjectif	157.6	symbole	lanterne	0.95	objet	kaykit-halloween-bits/lantern_standing	lanterne
836	bain	nom	157.5		bain	0.87	objet	furniture-kit/shower	douche bain
837	conversation	nom	157.5	symbole	parole	1.00	objet	pictos/bulle	parole
838	agent	nom	157.2	symbole	police	0.93	objet	car-kit/police	voiture police
839	dîner	nom	157		dîner	0.87	objet	kaykit-restaurant-bits/food_dinner	repas dîner
840	baiser	verbe	156.9	symbole	cœur	0.88	objet	platformer-kit/heart	cœur amour
841	action	nom	156.7		action	0.43	rien	kaykit-city-builder-bits/trafficlight_A	feu circulation
842	pire	adjectif	156.5		pire	0.52	rien	pictos/honte	honte
843	nature	nom	156.1	symbole	arbre	0.98	objet	nature-kit/tree_default	arbre
844	élever	verbe	155.9		élever	0.39	rien	poses/creuse-rogue	creuser bêcher jardiner
845	chaleur	nom	155.3		chaleur	0.50	rien	q-survival/PropaneTank	bouteille gaz
846	prévoir	verbe	155.3		prévoir	0.48	rien	poses/bricole-barbare	bricoler réparer bricolage
847	discuter	verbe	155.1	symbole	parole	1.00	objet	pictos/bulle	parole
848	page	nom	154.9	symbole	livre	0.99	objet	kaykit-furniture-bits/book_single	livre
849	placer	verbe	154.7		placer	0.54	rien	poses/lance-ranger	lancer jeter
850	joue	nom	154		joue	0.44	rien	mini-arcade/character-gamer	joueur
851	signer	verbe	154	symbole	stylo	0.81	objet	objets-oga/stylo-crayon	stylo crayon écrire
852	moitié	nom	153.8		moitié	0.30	rien	pictos/carte	carte
853	course	nom	153.7		course	0.84	objet	poses/course-femme	courir course jogging
854	herbe	nom	153.3		herbe	0.97	objet	nature-kit/grass	herbe
855	absolument	adverbe	153.2		absolument	0.56	porteur	pictos/question	question
856	fuir	verbe	153.2	symbole	courir	0.84	objet	poses/course-femme	courir course jogging
857	direction	nom	153.1	symbole	poteau	0.83	objet	survival-kit/signpost-single	panneau poteau
858	juger	verbe	153.1	symbole	justice	1.00	objet	pictos/balance	justice
859	accident	nom	153	symbole	ambulance	0.98	objet	car-kit/ambulance	ambulance
860	machine	nom	152.7		machine	0.61	porteur	q-interior/Bathroom_WashingMachine	lave-linge machine-à-laver
861	hésiter	verbe	152.5	symbole	doute	1.00	objet	pictos/doute	doute
862	victime	nom	152.5		victime	0.45	rien	pictos/honte	honte
863	sécurité	nom	152.3	symbole	cadenas	0.95	objet	platformer-kit/lock	cadenas
864	entraîner	verbe	151.8	symbole	musculation	0.83	objet	poses/pompes-barbare	sport pompes musculation
865	vêtement	nom	151.6	symbole	chemise	1.01	objet	pictos/chemise	chemise
866	mériter	verbe	151.6		mériter	0.41	rien	pictos/doute	doute
867	avance	nom	151.6		avance	0.54	rien	pictos/trophee	victoire
868	accrocher	verbe	151.5		accrocher	0.56	porteur	poses/saut-femme	sauter saut bondir
869	fer	nom	151.3		fer	0.78	objet	objets-oga/horseshoe	fer cheval
870	vérifier	verbe	151.1		vérifier	0.47	rien	pictos/erreur	erreur
871	dollar	nom	151.1	symbole	monnaie	0.87	objet	kaykit-board-game-bits/coin_10_gold	pièces monnaie
872	colonel	nom	150.7	symbole	chevalier	1.01	objet	poses/debout-knight-male	chevalier
873	bande	nom	150.6		bande	0.50	rien	kaykit-mixed-bag-1/comicbook_A	bd album
874	vacance	nom	150.5	symbole	parasol	0.87	objet	city-kit-commercial/detail-parasol-a	parasol terrasse
875	éprouver	verbe	150.4		éprouver	0.52	porteur	pictos/ennui	ennui
876	avocat	nom	150.3		avocat	0.93	objet	food-kit/advocado-half	avocat
877	court	adjectif	150.1		court	0.44	rien	poses/course-cube-dog	chien courir
878	fou	nom	150	symbole	folie	1.01	objet	pictos/folie	folie
879	former	verbe	150		former	0.35	rien	poses/lance-ranger	lancer jeter
880	malheur	nom	149.5		malheur	0.71	objet	poses/triste-femme	triste tristesse chagrin
881	dangereux	adjectif	149.4	symbole	attention	0.99	objet	pictos/attention	attention
882	crime	nom	149.1		crime	0.54	rien	pictos/mensonge	mensonge
883	prêter	verbe	149.1		prêter	0.39	rien	poses/porte-kenney	porter carton déménager
884	tas	nom	149.1		tas	0.79	objet	holiday-kit/snow-pile	neige tas
885	ressentir	verbe	148.9	symbole	cœur	0.88	objet	platformer-kit/heart	cœur amour
886	pur	adjectif	148.8		pur	0.48	rien	pictos/sang	sang
887	forêt	nom	148.2		forêt	0.61	porteur	savane/acacciaTree_01	acacia savane
888	profond	adjectif	148.1		profond	0.42	rien	platformer-kit/heart	cœur amour
889	diable	nom	148.1		diable	0.61	porteur	poses/debout-witch	sorcière
890	côte	nom	147.7		côte	0.50	porteur	tropiques/ReefBase01	récif corail
891	billet	nom	147.4	symbole	monnaie	0.87	objet	kaykit-board-game-bits/coin_10_gold	pièces monnaie
892	pont	nom	147.2		pont	1.00	objet	archipel/pont	pont
893	arrière	nom	147.2		arrière	0.55	porteur	furniture-kit/benchCushion	banquette coussin
894	blesser	verbe	147.1	symbole	pansement	0.97	objet	q-survival/Bandages	pansement
895	détail	nom	146.9	symbole	loupe	1.01	objet	pictos/loupe	loupe
896	crever	verbe	146.5				hors vocabulaire		
897	repartir	verbe	146.4	symbole	valise	1.01	objet	pictos/valise	valise
898	secret	adjectif	145.8	symbole	silence	1.00	objet	pictos/chut	silence
899	rendez-vous	nom	145.7	symbole	café	1.00	objet	food-kit/frappe	café
900	écraser	verbe	145.2		écraser	0.49	rien	poses/saut-femme	sauter saut bondir
901	marquer	verbe	144.9		marquer	0.36	rien	poses/lance-ranger	lancer jeter
902	génial	adjectif	144.7		génial	0.42	rien	poses/dino-parasaurolophus	dinosaure
903	laver	verbe	143.9	symbole	douche	0.97	objet	q-interior/Bathroom_Shower1	douche
904	commander	verbe	143.8		commander	0.59	porteur	space-kit/craft_speederA	vaisseau
905	montagne	nom	143.8		montagne	0.98	objet	kaykit-medieval/mountain_C	montagne
906	inutile	adjectif	143.1		inutile	0.43	rien	pictos/erreur	erreur
907	étage	nom	143		étage	0.59	porteur	q-interior/Fireplace	cheminée
908	chapeau	nom	142.9		chapeau	1.00	objet	pictos/chapeau	chapeau
909	remplir	verbe	142.6		remplir	0.48	rien	poses/ramasse-homme	ramasser cueillir
910	demeurer	verbe	142	symbole	maison	1.00	objet	archipel/maison-automne	maison
911	cinéma	nom	142		cinéma	0.99	objet	pictos/cinema	cinéma
912	éclater	verbe	141.8		éclater	0.43	rien	kaykit-holiday-bits/snowball	boule neige
913	livrer	verbe	141.5	symbole	livraison	0.74	objet	car-kit/delivery-flat	camionnette livraison
914	centre	nom	141.5		centre	0.52	rien	kaykit-city-builder-bits/building_A_withoutBase	immeuble maison ville
915	santé	nom	141.4	symbole	médecin	0.90	objet	poses/debout-doctor-male-old	médecin docteur
916	prouver	verbe	141.3		prouver	0.41	rien	pictos/doute	doute
917	second	adjectif	141.1		second	0.36	rien	pictos/trophee	victoire
918	courage	nom	141.1	symbole	chevalier	1.01	objet	poses/debout-knight-male	chevalier
919	toit	nom	140.8		toit	0.61	porteur	q-interior/Curtains_Double	rideaux fenêtre
920	allemand	nom	140.6	symbole	drapeau	0.99	objet	pirate-kit/flag-high-pennant	drapeau
921	salon	nom	140.5		salon	0.79	objet	furniture-kit/loungeDesignSofa	salon canapé
922	trace	nom	140.4	symbole	traces	1.00	objet	pictos/traces	traces
923	devant	adverbe	140.3		devant	0.49	rien	platformer-kit/door-large-open	porte
924	justement	adverbe	140.3		justement	0.59	porteur	pictos/question	question
925	note	nom	140.2		note	0.44	rien	pictos/lettre	lettre
926	soin	nom	140.2	symbole	pansement	0.97	objet	q-survival/Bandages	pansement
927	calme	adjectif	140.2	symbole	sieste	0.81	objet	poses/dort-ranger	dormir sommeil sieste
928	tableau	nom	140.1		tableau	0.75	objet	kaykit-furniture-bits/pictureframe_large_A	cadre tableau
929	foule	nom	140.1		foule	0.71	objet	poses/acclame-barbare	applaudir acclamer applaudissements
930	forcer	verbe	140.1		forcer	0.53	rien	poses/lance-ranger	lancer jeter
931	a	nom	140	vide			vide		
932	régler	verbe	140		régler	0.42	rien	poses/bricole-barbare	bricoler réparer bricolage
933	créer	verbe	140	symbole	atelier	0.78	objet	survival-kit/workbench	établi atelier
934	militaire	adjectif	139.9	symbole	chevalier	1.01	objet	poses/debout-knight-male	chevalier
935	projet	nom	139.6		projet	0.49	rien	pictos/ampoule	idée
936	métier	nom	139.6	symbole	atelier	0.78	objet	survival-kit/workbench	établi atelier
937	riche	adjectif	139.3	symbole	or	0.82	objet	kaykit-resource-bits/Gold_Bars_Stack_Large	or lingots
938	surveiller	verbe	139.2	symbole	yeux	1.01	objet	pictos/yeux	yeux
939	dîner	verbe	139		dîner	0.87	objet	kaykit-restaurant-bits/food_dinner	repas dîner
940	but	nom	138.8		but	0.49	rien	kaykit-holiday-bits/football	ballon football
941	chair	nom	138.8		chair	0.55	porteur	food-kit/meat-patty	viande steak
942	américain	adjectif	138.7	symbole	drapeau	0.99	objet	pirate-kit/flag-high-pennant	drapeau
943	hiver	nom	138.5		hiver	0.64	porteur	nature-kit/tree_fat_fall	arbre automne
944	condition	nom	138.3		condition	0.49	rien	pictos/question	question
945	proche	adjectif	138.2		proche	0.29	rien	savane/af_deadTree_01	branche
946	voisin	nom	137.8	symbole	personne	0.76	objet	mini-characters/character-female-a	personne femme
947	ok	adverbe	137.7				hors vocabulaire		
948	société	nom	137.7		société	0.52	rien	mini-arcade/vending-machine	distributeur
949	soulever	verbe	137.6	symbole	musculation	0.83	objet	poses/pompes-barbare	sport pompes musculation
950	combat	nom	137.4	symbole	chevalier	1.01	objet	poses/debout-knight-male	chevalier
951	fier	adjectif	137.3	symbole	médaille	1.00	objet	pictos/medaille	médaille
952	enfance	nom	137	symbole	jouet	0.74	objet	holiday-kit/train-wagon-logs	train jouet
953	marché	nom	136.8		marché	0.98	objet	fantasy-town-kit/stall	marché
954	général	adjectif	136.7	symbole	chevalier	1.01	objet	poses/debout-knight-male	chevalier
955	réalité	nom	136.5		réalité	0.49	rien	space-kit/alien	extraterrestre martien
956	étoile	nom	136.4		étoile	0.97	objet	platformer-kit/star	étoile
957	mademoiselle	nom	136.3		mademoiselle	0.58	porteur	poses/debout-casual-female	femme fille
958	troupe	nom	136.3		troupe	0.52	rien	pictos/theatre	théâtre
959	entourer	verbe	136.1		entourer	0.42	rien	poses/creuse-rogue	creuser bêcher jardiner
960	poisson	nom	136		poisson	1.00	objet	poses/nage-fish1	poisson
961	lieutenant	nom	135.9		lieutenant	0.57	porteur	poses/debout-knight-male	chevalier
962	danger	nom	135.9	symbole	attention	0.99	objet	pictos/attention	attention
963	promener	verbe	135.6		promener	0.86	objet	poses/marche-dog	chien promener
964	gauche	adjectif	135.5		gauche	0.50	rien	pictos/bras	bras
965	fric	nom	135.4	symbole	argent	0.87	objet	kaykit-resource-bits/Silver_Bars	argent lingots
966	secouer	verbe	135.3				hors vocabulaire		
967	contact	nom	135.3	symbole	téléphone	0.93	objet	q-survival/Phone	téléphone portable
968	chemise	nom	135.1		chemise	1.01	objet	pictos/chemise	chemise
969	plage	nom	135.1		plage	0.84	objet	tropiques/BeachPalm01	palmier plage
970	ferme	nom	134.9		ferme	0.66	porteur	quaternius-farm/Barn	grange
971	pitié	nom	134.5		pitié	0.48	rien	pictos/colere	colère
972	présent	adjectif	134.4		présent	0.32	rien	q-food/Orange	orange
973	officier	nom	134.4		officier	0.59	porteur	poses/debout-knight-male	chevalier
974	représenter	verbe	134.3		représenter	0.48	rien	kaykit-furniture-bits/pictureframe_standing_A	cadre tableau
975	dépêcher	verbe	134.3	symbole	courir	0.84	objet	poses/course-femme	courir course jogging
976	oeuvre	nom	134.2	symbole	tableau	0.75	objet	kaykit-furniture-bits/pictureframe_large_A	cadre tableau
977	paquet	nom	134.2	symbole	cadeau	0.97	objet	kaykit-holiday-bits/present_C_green	cadeau
978	éteindre	verbe	134.1	symbole	lampe	0.98	objet	q-furniture/Lamp	lampe
979	parti	nom	133.9		parti	0.41	rien	fantasy-town-kit/banner-green	bannière vert
980	étendre	verbe	133.8		étendre	0.41	rien	poses/lance-ranger	lancer jeter
981	couloir	nom	133.7		couloir	0.55	porteur	survival-kit/fence-doorway	palissade porte
982	mission	nom	133.7		mission	0.50	rien	space-kit/craft_cargoA	vaisseau
983	causer	verbe	133.6		causer	0.35	rien	pictos/cerveau	cerveau
984	ennui	nom	133.3		ennui	1.00	objet	pictos/ennui	ennui
985	radio	nom	133.2		radio	0.98	objet	furniture-kit/radio	radio
986	importance	nom	133.1		importance	0.47	rien	pictos/attention	attention
987	national	adjectif	132.7		national	0.44	rien	q-desert/Monument	monument
988	télé	nom	132.6		télé	0.73	objet	furniture-kit/cabinetTelevision	placard télévision
989	espace	nom	132.4	symbole	fusée	0.88	objet	kaykit-space-base-bits/lander_A	vaisseau fusée
990	opération	nom	132.1	symbole	médecin	0.90	objet	poses/debout-doctor-male-old	médecin docteur
991	recherche	nom	132.1	symbole	loupe	1.01	objet	pictos/loupe	loupe
992	haut	adverbe	131.6		haut	0.51	rien	pictos/pied	pied
993	chanson	nom	131.5	symbole	micro	1.01	objet	pictos/micro	micro
994	est	nom	131.5	vide			vide		
995	coûter	verbe	131.3	symbole	monnaie	0.87	objet	kaykit-board-game-bits/coin_10_gold	pièces monnaie
996	gamin	nom	131		gamin	0.66	porteur	mini-skate/character-skate-boy	skateur garçon
997	jaune	adjectif	130.9	symbole	couleurs	1.00	objet	pictos/palette	couleurs
998	poitrine	nom	130.9		poitrine	0.54	rien	pictos/bouche	bouche
999	murmurer	verbe	130.8				hors vocabulaire		
1000	expérience	nom	130.8		expérience	0.52	rien	pictos/ampoule	idée
1001	vol	nom	130.7	symbole	avion	0.95	objet	vehicules/avion-jouet	avion
1002	allonger	verbe	130.7	symbole	sieste	0.81	objet	poses/dort-ranger	dormir sommeil sieste
1003	foi	nom	130.6	symbole	église	0.98	objet	kaykit-medieval/building_church_blue	église
1004	anglais	nom	130.5	symbole	drapeau	0.99	objet	pirate-kit/flag-high-pennant	drapeau
1005	considérer	verbe	130.4		considérer	0.44	rien	pictos/question	question
1006	enfer	nom	130.2	symbole	feu	0.78	objet	q-survival/Bonfire_Fire	feu camp
1007	attirer	verbe	130.2		attirer	0.62	porteur	pictos/attention	attention
1008	chaussure	nom	130.1		chaussure	1.00	objet	pictos/chaussure	chaussure
1009	meilleur	nom	129.6		meilleur	0.47	rien	mini-arcade/character-gamer	joueur
1010	songer	verbe	129.4	symbole	pensée	1.00	objet	pictos/pensee	pensée
1011	règle	nom	129.4		règle	0.44	rien	furniture-kit/lampWall	applique lampe
1012	héros	nom	129.3	symbole	chevalier	1.01	objet	poses/debout-knight-male	chevalier
1013	plaindre	verbe	129.1		plaindre	0.43	rien	poses/acclame-barbare	applaudir acclamer applaudissements
1014	taper	verbe	129		taper	0.54	rien	poses/saut-femme	sauter saut bondir
1015	spectacle	nom	129	symbole	théâtre	1.00	objet	pictos/theatre	théâtre
1016	sein	nom	128.9		sein	0.35	rien	savane/af_deadTree_01	branche
1017	bar	nom	128.9	symbole	comptoir	0.81	objet	furniture-kit/kitchenBar	comptoir cuisine
1018	gêner	verbe	128.8		gêner	0.41	rien	poses/saut-femme	sauter saut bondir
1019	adresser	verbe	128.8		adresser	0.46	rien	poses/salue-ranger	saluer salut adieu
1020	enfermer	verbe	128.7	symbole	cadenas	0.95	objet	platformer-kit/lock	cadenas
1021	immense	adjectif	128.4		immense	0.40	rien	coaster-kit/coaster-train-front	manège attraction
1022	trembler	verbe	128.2				hors vocabulaire		
1023	enfoncer	verbe	128.1		enfoncer	0.58	porteur	poses/rampe-rogue	ramper
1024	dossier	nom	128		dossier	0.55	porteur	furniture-kit/chairDesk	chaise bureau
1025	allemand	adjectif	127.9	symbole	drapeau	0.99	objet	pirate-kit/flag-high-pennant	drapeau
1026	lune	nom	127.7		lune	0.59	porteur	archipel/nuage-orage	orage nuage
1027	guère	adverbe	127.7		guère	0.54	rien	pictos/doute	doute
1028	désormais	adverbe	127.6		désormais	0.44	rien	toy-car-kit/vehicle-vintage-racer	voiture ancienne
1029	téléphoner	verbe	127.5	symbole	téléphone	0.93	objet	q-survival/Phone	téléphone portable
1030	désirer	verbe	127.5	symbole	cœur	0.88	objet	platformer-kit/heart	cœur amour
1031	davantage	adverbe	127.4		davantage	0.47	rien	pictos/attention	attention
1032	relation	nom	127.3		relation	0.45	rien	pictos/coeur-brise	rupture
1033	terrain	nom	127.3		terrain	0.48	rien	kaykit-holiday-bits/football	ballon football
1034	fatiguer	verbe	127.3	symbole	sieste	0.81	objet	poses/dort-ranger	dormir sommeil sieste
1035	souffle	nom	127.2		souffle	0.54	rien	archipel/nuage-pluie	pluie nuage averse
1036	ficher	verbe	127.2				hors vocabulaire		
1037	conscience	nom	127.1		conscience	0.64	porteur	pictos/pensee	pensée
1038	voie	nom	127.1		voie	0.53	rien	train-kit/train-tram-classic	train tramway
1039	maladie	nom	126.7	symbole	médecin	0.90	objet	poses/debout-doctor-male-old	médecin docteur
1040	gare	nom	126.7	symbole	train	0.90	objet	train-kit/train-electric-double-a	train électrique
1041	décision	nom	126.5	symbole	justice	1.00	objet	pictos/balance	justice
1042	large	adjectif	126.2		large	0.49	porteur	kaykit-mixed-bag-1/chain_anchor	ancre
1043	magasin	nom	126.2		magasin	0.92	objet	q-buildings/Shop	magasin boutique
1044	étranger	nom	125.9	symbole	monde	1.00	objet	pictos/globe	monde
1045	habiller	verbe	125.6	symbole	chemise	1.01	objet	pictos/chemise	chemise
1046	pute	nom	125.5				hors vocabulaire		
1047	exact	adjectif	125.4		exact	0.48	rien	pictos/doute	doute
1048	salaud	nom	125.2				hors vocabulaire		
1049	connerie	nom	125.2				hors vocabulaire		
1050	repas	nom	125.2		repas	0.90	objet	kaykit-restaurant-bits/food_dinner	repas dîner
1051	position	nom	125.1		position	0.36	rien	pictos/doigt	doigt
1052	posséder	verbe	125		posséder	0.34	rien	mini-characters/character-male-a	personne homme
1053	fin	adjectif	124.9	symbole	damier	0.78	objet	racing-kit/flagCheckers	drapeau damier
1054	pomme	nom	124.7		pomme	0.96	objet	q-food/Apple	pomme
1055	toile	nom	124.6		toile	0.83	objet	survival-kit/tent-canvas-half	tente toile
1056	immobile	adjectif	124.5		immobile	0.48	rien	poses/dort-ranger	dormir sommeil sieste
1057	libérer	verbe	124.3	symbole	oiseau	1.00	objet	archipel/oiseau-fou	oiseau
1058	virer	verbe	124.1		virer	0.52	rien	poses/lance-ranger	lancer jeter
1059	système	nom	123.9		système	0.48	rien	kaykit-space-base-bits/basemodule_A	base spatiale
1060	autrefois	adverbe	123.8		autrefois	0.39	rien	kaykit-medieval/building_watermill_blue	moulin eau
1061	adresse	nom	123.7		adresse	0.31	rien	coaster-kit/stall-information	accueil information
1062	inventer	verbe	123.7	symbole	idée	1.01	objet	pictos/ampoule	idée
1063	poids	nom	123.5		poids	0.46	rien	poses/fauteuil-kenney	fauteuil-roulant handicap
1064	presser	verbe	123.3				hors vocabulaire		
1065	sortie	nom	123.1	symbole	porte	0.95	objet	platformer-kit/door-large-open	porte
1066	tort	nom	123		tort	0.48	rien	pictos/doute	doute
1067	chasser	verbe	122.8		chasser	0.51	rien	poses/ramasse-homme	ramasser cueillir
1068	nord	nom	122.7	symbole	boussole	0.97	objet	q-survival/Compass_Open	boussole
1069	arrivée	nom	122.7	symbole	damier	0.78	objet	racing-kit/flagCheckers	drapeau damier
1070	ministre	nom	122.6		ministre	0.58	porteur	poses/debout-suit-female	femme affaires bureau
1071	lait	nom	122.5		lait	0.99	objet	kaykit-holiday-bits/milk	lait
1072	existence	nom	122.3		existence	0.42	rien	pictos/ampoule	idée
1073	volonté	nom	122		volonté	0.61	porteur	pictos/ampoule	idée
1074	hurler	verbe	121.8	symbole	cri	1.00	objet	pictos/porte-voix	cri
1075	pauvre	nom	121.8		pauvre	0.49	rien	poses/debout-casual-male	homme garçon
1076	sable	nom	121.8		sable	0.91	objet	survival-kit/rock-sand-a	rocher sable
1077	ennuyer	verbe	121.6	symbole	ennui	1.00	objet	pictos/ennui	ennui
1078	moquer	verbe	121.5	symbole	joie	0.87	objet	poses/joie-femme	joie heureux bonheur
1079	passion	nom	121.4		passion	0.60	porteur	platformer-kit/heart	cœur amour
1080	dépasser	verbe	121.4		dépasser	0.47	rien	poses/saut-femme	sauter saut bondir
1081	endormir	verbe	121.4	symbole	dormir	0.84	objet	poses/dort-ranger	dormir sommeil sieste
1082	valise	nom	121.3		valise	1.01	objet	pictos/valise	valise
1083	apprécier	verbe	121.3		apprécier	0.50	rien	pictos/attention	attention
1084	fauteuil	nom	121.3		fauteuil	0.95	objet	kaykit-furniture-bits/armchair	fauteuil
1085	pote	nom	121.3	symbole	personne	0.76	objet	mini-characters/character-female-a	personne femme
1086	reculer	verbe	121.2		reculer	0.52	rien	poses/saut-femme	sauter saut bondir
1087	membre	nom	120.9		membre	0.37	rien	savane/af_deadTree_01	branche
1088	témoin	nom	120.8		témoin	0.42	rien	mini-characters/character-male-a	personne homme
1089	bordel	nom	120.7		bordel	0.50	rien	kaykit-city-builder-bits/trash_A	poubelle
1090	rapide	adjectif	120.5	symbole	bolide	0.95	objet	racing-kit/raceCarRed	bolide
1091	figure	nom	120.5	symbole	visage	1.00	objet	pictos/visage	visage
1092	rare	adjectif	120.5		rare	0.33	rien	tropiques/ElephantEar	plante tropicale
1093	destin	nom	120.3		destin	0.50	porteur	platformer-kit/heart	cœur amour
1094	construire	verbe	120.2	symbole	chantier	0.80	objet	kaykit-medieval/building_scaffolding	échafaudage chantier
1095	neige	nom	120.2		neige	0.98	objet	holiday-kit/snow-flat-large	neige
1096	accorder	verbe	120.1		accorder	0.50	rien	pictos/accord	accord
1097	nécessaire	adjectif	120.1		nécessaire	0.36	rien	poses/bricole-barbare	bricoler réparer bricolage
1098	meurtre	nom	119.9		meurtre	0.46	rien	car-kit/police	voiture police
1099	rose	adjectif	119.8		rose	0.72	objet	nature-kit/flower_purpleA	fleur violet
1100	bière	nom	119.8		bière	0.82	objet	kaykit-adventurers/mug_empty	chope bière
1101	intention	nom	119.8		intention	0.58	porteur	pictos/accord	accord
1102	patte	nom	119.7		patte	0.64	porteur	mini-arcade/claw-machine	pince peluche
1103	taille	nom	119.7		taille	0.40	rien	food-kit/croissant	croissant
1104	risque	nom	119.6	symbole	attention	0.99	objet	pictos/attention	attention
1105	merveilleux	adjectif	119.6	symbole	étoile	0.97	objet	platformer-kit/star	étoile
1106	rapporter	verbe	119.4		rapporter	0.52	rien	poses/ramasse-homme	ramasser cueillir
1107	blanc	nom	119.2	symbole	neige	0.98	objet	holiday-kit/snow-flat-large	neige
1108	devoir	nom	119.1	symbole	école	0.87	objet	objets-oga/ecole	école collège lycée
1109	lampe	nom	119		lampe	0.98	objet	q-furniture/Lamp	lampe
1110	produire	verbe	118.7		produire	0.41	rien	q-survival/GasCan	jerrican essence
1111	personnage	nom	118.6		personnage	0.62	porteur	poses/debout-wizard	magicien sorcier
1112	ramasser	verbe	118.6		ramasser	0.90	objet	poses/ramasse-homme	ramasser cueillir
1113	nombre	nom	118.5		nombre	0.41	rien	kaykit-furniture-bits/pictureframe_medium	cadre tableau
1114	plonger	verbe	118.2	symbole	nage	0.89	objet	poses/nage-femme	nager nage baignade
1115	interdire	verbe	118.1	symbole	interdit	1.00	objet	pictos/interdit	interdit
1116	vif	adjectif	118		vif	0.42	rien	food-kit/orange	orange fruit
1117	château	nom	117.8		château	0.97	objet	kaykit-medieval/building_castle_blue	château
1118	dresser	verbe	117.7		dresser	0.54	rien	food-kit/cutting-board-round	planche découper
1119	gorge	nom	117.7		gorge	0.54	rien	pictos/bouche	bouche
1120	rencontre	nom	117.4	symbole	personne	0.76	objet	mini-characters/character-female-a	personne femme
1121	attacher	verbe	117.4		attacher	0.46	rien	poses/bricole-barbare	bricoler réparer bricolage
1122	interroger	verbe	117.4		interroger	0.41	rien	pictos/question	question
1123	écarter	verbe	117.2		écarter	0.38	rien	poses/lance-ranger	lancer jeter
1124	nourrir	verbe	117.1		nourrir	0.62	porteur	poses/ramasse-homme	ramasser cueillir
1125	briser	verbe	116.8	symbole	ruine	0.96	objet	kaykit-medieval/building_destroyed	ruine
1126	parfaitement	adverbe	116.6		parfaitement	0.33	rien	pictos/doute	doute
1127	évidemment	adverbe	116.3		évidemment	0.54	rien	pictos/doute	doute
1128	peindre	verbe	116.3	symbole	tableau	0.75	objet	kaykit-furniture-bits/pictureframe_large_A	cadre tableau
1129	brusquement	adverbe	116.3		brusquement	0.46	rien	archipel/nuage-pluie	pluie nuage averse
1130	dedans	adverbe	116		dedans	0.51	rien	pictos/bouche	bouche
1131	magnifique	adjectif	115.9	symbole	fleur	0.97	objet	kaykit-mixed-bag-1/flax_flower_A	fleur
1132	déposer	verbe	115.8		déposer	0.52	rien	poses/porte-kenney	porter carton déménager
1133	horreur	nom	115.6		horreur	0.56	porteur	pictos/cinema	cinéma
1134	ranger	verbe	115.6	symbole	armoire	0.87	objet	q-furniture/Closet	armoire placard
1135	unique	adjectif	115.6		unique	0.33	rien	platformer-kit/key	clé
1136	naturel	adjectif	115.5		naturel	0.50	rien	retro-urban-kit/tree-park-large	arbre parc
1137	son	nom	115.3	vide			vide		
1138	poil	nom	115.3		poil	0.55	porteur	archipel/bete-chat	chat
1139	certainement	adverbe	115.1		certainement	0.84	objet	pictos/doute	doute
1140	spécial	adjectif	115		spécial	0.38	rien	furniture-kit/desk	bureau
1141	signifier	verbe	114.9		signifier	0.31	rien	mini-characters/character-male-a	personne homme
1142	piquer	verbe	114.9	symbole	abeille	0.85	objet	cube-pets/animal-bee	animal abeille
1143	mme	nom	114.9		mme	0.63	porteur	poses/debout-casual-female	femme fille
1144	déclarer	verbe	114.8		déclarer	0.42	rien	pictos/accord	accord
1145	bonne	nom	114.6		bonne	0.42	rien	poses/joie-femme	joie heureux bonheur
1146	plaisanter	verbe	114.6	symbole	joie	0.87	objet	poses/joie-femme	joie heureux bonheur
1147	aventure	nom	114.5	symbole	sac	0.97	objet	kaykit-medieval/sack	sac
1148	somme	nom	114.5	symbole	monnaie	0.87	objet	kaykit-board-game-bits/coin_10_gold	pièces monnaie
1149	amitié	nom	114.5	symbole	cœur	0.88	objet	platformer-kit/heart	cœur amour
1150	pleuvoir	verbe	114.3				hors vocabulaire		
1151	planter	verbe	114.2	symbole	potager	0.79	objet	nature-kit/crop_pumpkin	potager citrouille
1152	acte	nom	114.1		acte	0.36	rien	mini-characters/character-female-a	personne femme
1153	mine	nom	114		mine	0.98	objet	kaykit-medieval/building_mine_blue	mine
1154	thé	nom	113.9		thé	0.91	objet	food-kit/cup-tea	tasse thé
1155	jeunesse	nom	113.8		jeunesse	0.39	rien	poses/joie-femme	joie heureux bonheur
1156	couple	nom	113.6	symbole	cœur	0.88	objet	platformer-kit/heart	cœur amour
1157	remplacer	verbe	113.5		remplacer	0.46	rien	poses/bricole-barbare	bricoler réparer bricolage
1158	trait	nom	113.2		trait	0.44	rien	poses/bete-horse	cheval jument
1159	événement	nom	113.2		événement	0.41	rien	pictos/fete	fête
1160	entendu	adjectif	113.1		entendu	0.43	rien	pictos/question	question
1161	folie	nom	113.1		folie	1.01	objet	pictos/folie	folie
1162	acteur	nom	113.1	symbole	théâtre	1.00	objet	pictos/theatre	théâtre
1163	saluer	verbe	112.7		saluer	0.80	objet	poses/salue-ranger	saluer salut adieu
1164	convenir	verbe	112.6		convenir	0.41	rien	pictos/accord	accord
1165	idiot	nom	112.6		idiot	0.48	rien	poses/debout-casual-male	homme garçon
1166	titre	nom	112.6		titre	0.44	rien	kaykit-board-game-bits/coin_gold	pièce or
1167	bon	adverbe	112.5	vide			vide		
1168	souffler	verbe	112	symbole	bougie	0.96	objet	kaykit-halloween-bits/candle	bougie
1169	époux	nom	112		époux	0.75	objet	poses/debout-casual-female	femme fille
1170	ange	nom	111.8		ange	0.50	rien	nature-kit/statue_block	statue pierre
1171	prononcer	verbe	111.1		prononcer	0.42	rien	pictos/langue	langue
1172	confier	verbe	111		confier	0.38	rien	poses/porte-kenney	porter carton déménager
1173	personnel	adjectif	111		personnel	0.42	rien	coaster-kit/stall-information	accueil information
1174	déjeuner	nom	111		déjeuner	0.86	objet	kaykit-restaurant-bits/food_dinner	repas dîner
1175	juge	nom	110.9	symbole	justice	1.00	objet	pictos/balance	justice
1176	secours	nom	110.8		secours	0.79	objet	q-survival/FirstAidKit_Hard	trousse secours
1177	couteau	nom	110.8		couteau	0.59	porteur	objets-oga/maison-scissors	ciseaux
1178	débarrasser	verbe	110.7	symbole	poubelle	0.97	objet	furniture-kit/trashcan	poubelle
1179	souci	nom	110.7	symbole	inquiétude	1.00	objet	pictos/inquietude	inquiétude
1180	grandir	verbe	110.7	symbole	plante	0.96	objet	nature-kit/plant_flatShort	plante
1181	taxi	nom	110.6		taxi	0.99	objet	car-kit/taxi	taxi
1182	connaissance	nom	110.6		connaissance	0.56	porteur	pictos/pensee	pensée
1183	là-haut	adverbe	110.5				hors vocabulaire		
1184	excellent	adjectif	110.4		excellent	0.31	rien	food-kit/meat-tenderizer	viande attendrisseur
1185	banque	nom	110.2		banque	0.98	objet	q-buildings/Bank	banque
1186	camion	nom	110.2		camion	0.99	objet	car-kit/truck-flat	camion
1187	briller	verbe	110.1	symbole	étoile	0.97	objet	platformer-kit/star	étoile
1188	public	adjectif	110.1		public	0.52	rien	coaster-kit/stall-information	accueil information
1189	autorité	nom	110		autorité	0.31	rien	poses/debout-suit-female	femme affaires bureau
1190	bataille	nom	109.8	symbole	chevalier	1.01	objet	poses/debout-knight-male	chevalier
1191	théâtre	nom	109.7		théâtre	1.00	objet	pictos/theatre	théâtre
1192	dessiner	verbe	109.6	symbole	crayon	0.97	objet	objets-oga/maison-pencil	crayon
1193	admettre	verbe	109.5		admettre	0.50	rien	pictos/question	question
1194	pantalon	nom	109.3		pantalon	1.00	objet	pictos/pantalon	pantalon
1195	insister	verbe	109.2		insister	0.54	rien	pictos/question	question
1196	point	adverbe	109.2		point	0.46	rien	kaykit-furniture-bits/shelf_A_big	rayon
1197	politique	adjectif	108.9		politique	0.50	rien	poses/debout-suit-female	femme affaires bureau
1198	politique	nom	108.7		politique	0.50	rien	poses/debout-suit-female	femme affaires bureau
1199	lunette	nom	108.6		lunette	0.64	porteur	mini-characters/aid-glasses	lunettes
1200	toilette	nom	108.5		toilette	0.81	objet	furniture-kit/bathroomCabinetDrawer	armoire toilette
1201	port	nom	108.1		port	0.68	porteur	savane/AfricaDock01	ponton
1202	manteau	nom	108.1		manteau	1.00	objet	pictos/manteau	manteau
1203	nommer	verbe	107.9		nommer	0.30	rien	poses/porte-kenney	porter carton déménager
1204	balancer	verbe	107.8				hors vocabulaire		
1205	récupérer	verbe	107.7		récupérer	0.49	rien	poses/ramasse-homme	ramasser cueillir
1206	chasse	nom	107.5		chasse	0.66	porteur	archipel/bete-chevreuil	chevreuil biche
1207	caisse	nom	107.4		caisse	0.95	objet	pirate-kit/crate	caisse
1208	costume	nom	107.3		costume	0.79	objet	poses/debout-suit-male	costume cravate patron
1209	idiot	adjectif	107.3		idiot	0.48	rien	poses/debout-casual-male	homme garçon
1210	étude	nom	107.3	symbole	livre	0.99	objet	kaykit-furniture-bits/book_single	livre
1211	réaliser	verbe	107.2		réaliser	0.49	rien	food-kit/cutting-board-round	planche découper
1212	ridicule	adjectif	107.1		ridicule	0.49	rien	pictos/honte	honte
1213	nuage	nom	107.1		nuage	0.97	objet	kaykit-medieval/cloud_small	nuage
1214	probablement	adverbe	107		probablement	0.70	objet	pictos/doute	doute
1215	baiser	nom	106.8	symbole	cœur	0.88	objet	platformer-kit/heart	cœur amour
1216	étranger	adjectif	106.4	symbole	monde	1.00	objet	pictos/globe	monde
1217	pénétrer	verbe	106.2		pénétrer	0.43	rien	poses/rampe-rogue	ramper
1218	veille	nom	106.1		veille	0.40	rien	pictos/inquietude	inquiétude
1219	renoncer	verbe	106.1		renoncer	0.39	rien	pictos/accord	accord
1220	lors	adverbe	106.1		lors	0.62	porteur	pictos/trophee	victoire
1221	rouge	nom	105.5	symbole	couleurs	1.00	objet	pictos/palette	couleurs
1222	solution	nom	105.5		solution	0.46	rien	pictos/question	question
1223	croiser	verbe	105.2		croiser	0.47	rien	poses/marche-dog	chien promener
1224	froid	nom	105.2	symbole	neige	0.98	objet	holiday-kit/snow-flat-large	neige
1225	commandant	nom	105		commandant	0.48	rien	space-kit/craft_cargoA	vaisseau
1226	nombreux	adjectif	104.9		nombreux	0.28	rien	kaykit-mixed-bag-1/comicbooks_stacked	bd albums
1227	finalement	adverbe	104.8		finalement	0.41	rien	pictos/accord	accord
1228	arrêt	nom	104.8	symbole	stop	1.00	objet	pictos/stop	stop
1229	sexe	nom	104.8		sexe	0.38	rien	mini-characters/character-female-a	personne femme
1230	demande	nom	104.7		demande	0.50	rien	pictos/accord	accord
1231	amant	nom	104.6		amant	0.68	porteur	poses/debout-casual-female	femme fille
1232	achever	verbe	104.4	symbole	damier	0.78	objet	racing-kit/flagCheckers	drapeau damier
1233	fusil	nom	104.3		fusil	0.55	porteur	car-kit/tractor-police	tracteur
1234	disposer	verbe	104.2		disposer	0.38	rien	kaykit-furniture-bits/pictureframe_medium	cadre tableau
1235	éclairer	verbe	104	symbole	lampe	0.98	objet	q-furniture/Lamp	lampe
1236	agiter	verbe	103.8				hors vocabulaire		
1237	refermer	verbe	103.7	symbole	porte	0.95	objet	platformer-kit/door-large-open	porte
1238	sort	nom	103.7		sort	0.46	rien	poses/triste-femme	triste tristesse chagrin
1239	base	nom	103.7		base	0.77	objet	kaykit-space-base-bits/basemodule_A	base spatiale
1240	branche	nom	103.7		branche	0.93	objet	savane/af_deadTree_01	branche
1241	rideau	nom	103.6		rideau	0.63	porteur	q-interior/Curtains_Double	rideaux fenêtre
1242	midi	nom	103.6	symbole	repas	0.90	objet	kaykit-restaurant-bits/food_dinner	repas dîner
1243	fruit	nom	103.5		fruit	0.84	objet	food-kit/pear-half	poire fruit
1244	défense	nom	103.2		défense	0.41	rien	pictos/bulle	parole
1245	également	adverbe	103.2		également	0.34	rien	kaykit-furniture-bits/pictureframe_medium	cadre tableau
1246	directeur	nom	103.2	symbole	costume	0.79	objet	poses/debout-suit-male	costume cravate patron
1247	saint	nom	103.2		saint	0.63	porteur	kaykit-medieval/building_church_blue	église
1248	rater	verbe	103.2	symbole	erreur	0.99	objet	pictos/erreur	erreur
1249	convaincre	verbe	103.1		convaincre	0.57	porteur	q-survival/Tent	tente
1250	prétendre	verbe	103.1		prétendre	0.38	rien	pictos/doute	doute
1251	deuxième	adjectif	103		deuxième	0.58	porteur	pictos/trophee	victoire
1252	autrement	adverbe	102.9		autrement	0.46	rien	pictos/question	question
1253	poussière	nom	102.8		poussière	0.70	porteur	archipel/nuage-pluie	pluie nuage averse
1254	transformer	verbe	102.8		transformer	0.53	rien	poses/bricole-barbare	bricoler réparer bricolage
1255	enfuir	verbe	102.7		enfuir	0.59	porteur	q-survival/Tent	tente
1256	exprimer	verbe	102.7		exprimer	0.42	rien	pictos/etonnement	étonnement
1257	jeune	nom	102.6	symbole	garçon	0.89	objet	poses/debout-casual-male	homme garçon
1258	i	nom	102.4				hors vocabulaire		
1259	parfait	adjectif	102.2		parfait	0.38	rien	kaykit-mixed-bag-1/puzzlecube_complete	cube jouet
1260	compagnon	nom	102.2	symbole	personne	0.76	objet	mini-characters/character-female-a	personne femme
1261	menacer	verbe	102.2		menacer	0.44	rien	q-survival/Tent	tente
1262	sacré	adjectif	102.1		sacré	0.53	rien	kaykit-mixed-bag-1/idol_A	statuette idole
1263	lointain	adjectif	102.1		lointain	0.48	rien	space-kit/alien	extraterrestre martien
1264	imposer	verbe	102		imposer	0.37	rien	mali/mali_defense_tower	tour
1265	renvoyer	verbe	101.9		renvoyer	0.50	rien	poses/lance-ranger	lancer jeter
1266	cadavre	nom	101.8		cadavre	0.56	porteur	kaykit-furniture-bits/cabinet_small	placard
1267	vider	verbe	101.5		vider	0.55	porteur	kaykit-medieval/bucket_water	seau eau
1268	étudier	verbe	101.3	symbole	livre	0.99	objet	kaykit-furniture-bits/book_single	livre
1269	avaler	verbe	101.2		avaler	0.62	porteur	pictos/bouche	bouche
1270	vache	nom	101.2		vache	1.00	objet	poses/bete-cow	vache
1271	juif	nom	101.1		juif	0.36	rien	poses/debout-casual-male	homme garçon
1272	commun	adjectif	101		commun	0.49	rien	survival-kit/tree-trunk	arbre tronc
1273	pendre	verbe	101		pendre	0.49	rien	objets-oga/rake	râteau
1274	cesse	nom	100.8		cesse	0.44	rien	pictos/ennui	ennui
1275	épais	adjectif	100.8		épais	0.51	rien	q-nature/Rock_Moss_1	rocher mousse
1276	croix	nom	100.7		croix	0.52	rien	kaykit-medieval/building_church_blue	église
1277	curieux	adjectif	100.6		curieux	0.46	rien	pictos/etonnement	étonnement
1278	ravir	verbe	100.6	symbole	joie	0.87	objet	poses/joie-femme	joie heureux bonheur
1279	admirer	verbe	100.6	symbole	dos	1.00	objet	poses/dos-casual-female	dos
1280	franc	nom	100.5	symbole	monnaie	0.87	objet	kaykit-board-game-bits/coin_10_gold	pièces monnaie
1281	différence	nom	100.3		différence	0.42	rien	furniture-kit/lampWall	applique lampe
1282	quart	nom	100.3		quart	0.41	rien	archipel/bete-poule	poule
1283	pâle	adjectif	100.1		pâle	0.56	porteur	pictos/yeux	yeux
1284	crise	nom	99.9		crise	0.53	rien	pictos/inquietude	inquiétude
1285	concerner	verbe	99.8		concerner	0.40	rien	pictos/question	question
1286	information	nom	99.8		information	0.87	objet	coaster-kit/stall-information	accueil information
1287	queue	nom	99.4		queue	0.55	porteur	archipel/bete-chevreuil	chevreuil biche
1288	caresser	verbe	99.4	symbole	chat	1.00	objet	archipel/bete-chat	chat
1289	effacer	verbe	99.4		effacer	0.48	rien	poses/bricole-barbare	bricoler réparer bricolage
1290	veste	nom	99.3	symbole	manteau	1.00	objet	pictos/manteau	manteau
1291	stupide	adjectif	99.2		stupide	0.44	rien	poses/course-cube-dog	chien courir
1292	absence	nom	99.1		absence	0.47	porteur	pictos/coeur-brise	rupture
1293	refaire	verbe	99.1		refaire	0.60	porteur	poses/bricole-barbare	bricoler réparer bricolage
1294	miracle	nom	99	symbole	magie	1.00	objet	pictos/etincelles	magie
1295	restaurant	nom	99	symbole	repas	0.90	objet	kaykit-restaurant-bits/food_dinner	repas dîner
1296	immédiatement	adverbe	99		immédiatement	0.40	rien	pictos/erreur	erreur
1297	respecter	verbe	99		respecter	0.39	rien	pictos/accord	accord
1298	immeuble	nom	98.8		immeuble	0.83	objet	textured-buildings/2Story_Balcony	immeuble ville
1299	flamme	nom	98.8		flamme	0.74	objet	q-survival/Torch	lampe torche
1300	respect	nom	98.6		respect	0.40	rien	pictos/balance	justice
1301	réunir	verbe	98.6	symbole	table	0.97	objet	furniture-kit/table	table
1302	roman	nom	98.5		roman	0.63	porteur	poses/lit-ranger	lire lecture livre
1303	bête	adjectif	98.4		bête	0.63	porteur	poses/debout-witch	sorcière
1304	trottoir	nom	98.2		trottoir	0.57	porteur	train-kit/train-electric-subway-a	train électrique métro
1305	blond	adjectif	98.2		blond	0.51	rien	pictos/robe	robe
1306	victoire	nom	98.2		victoire	1.00	objet	pictos/trophee	victoire
1307	vitesse	nom	98	symbole	bolide	0.95	objet	racing-kit/raceCarRed	bolide
1308	violence	nom	97.9		violence	0.56	porteur	pictos/colere	colère
1309	résultat	nom	97.8		résultat	0.42	rien	kaykit-furniture-bits/pictureframe_standing_A	cadre tableau
1310	intéressant	adjectif	97.8		intéressant	0.49	rien	pictos/doute	doute
1311	valeur	nom	97.7		valeur	0.37	rien	kaykit-medieval/ladder	échelle
1312	hauteur	nom	97.7		hauteur	0.50	rien	kaykit-space-base-bits/structure_tall	pylône
1313	là-dedans	adverbe	97.6				hors vocabulaire		
1314	parier	verbe	97.6	symbole	dé	0.79	objet	kaykit-board-game-bits/D20_red	dé dés
1315	terme	nom	97.4		terme	0.31	rien	objets-oga/rake	râteau
1316	chéri	adjectif	97.3		chéri	0.56	porteur	pictos/bebe	bébé
1317	incroyable	adjectif	97.3	symbole	étonnement	1.00	objet	pictos/etonnement	étonnement
1318	rassurer	verbe	97.3		rassurer	0.52	rien	pictos/inquietude	inquiétude
1319	justice	nom	97.2		justice	1.00	objet	pictos/balance	justice
1320	peinture	nom	97.2	symbole	couleurs	1.00	objet	pictos/palette	couleurs
1321	pointe	nom	97.2		pointe	0.51	rien	watercraft-kit/buoy	bouée
1322	éclat	nom	97		éclat	0.56	porteur	q-interior/Light_Chandelier	lustre
1323	prêtre	nom	97	symbole	église	0.98	objet	kaykit-medieval/building_church_blue	église
1324	attaque	nom	97		attaque	0.46	rien	pictos/trophee	victoire
1325	dépendre	verbe	96.8		dépendre	0.30	rien	poses/assis-sol-kenney-f	assis asseoir repos
1326	malheureux	adjectif	96.8		malheureux	0.52	porteur	poses/triste-femme	triste tristesse chagrin
1327	soutenir	verbe	96.8		soutenir	0.36	rien	poses/lance-ranger	lancer jeter
1328	vide	nom	96.7		vide	0.50	rien	q-interior/Shelf_Large	étagère
1329	chaîne	nom	96.6		chaîne	0.57	porteur	furniture-kit/televisionModern	télévision
1330	masse	nom	96.5		masse	0.60	porteur	kaykit-furniture-bits/shelf_A_small	rayon
1331	mensonge	nom	96.5		mensonge	1.00	objet	pictos/mensonge	mensonge
1332	zone	nom	96.4		zone	0.49	rien	pictos/carte	carte
1333	couverture	nom	96.4	symbole	couchage	0.86	objet	survival-kit/bedroll-frame	couchage duvet
1334	montre	nom	96.2	symbole	horloge	1.01	objet	pictos/horloge	horloge
1335	appareil	nom	96.2		appareil	0.73	objet	mini-characters/aid_hearing	appareil oreille
1336	expression	nom	96.1		expression	0.43	rien	pictos/pensee	pensée
1337	liste	nom	95.9		liste	0.45	rien	pictos/carte	carte
1338	vaisseau	nom	95.8		vaisseau	0.94	objet	space-kit/craft_cargoA	vaisseau
1339	anniversaire	nom	95.8		anniversaire	0.83	objet	food-kit/cake-birthday	gâteau anniversaire
1340	parfum	nom	95.7	symbole	nez	1.01	objet	pictos/nez	nez
1341	charmant	adjectif	95.7		charmant	0.52	porteur	poses/joie-femme	joie heureux bonheur
1342	source	nom	95.6		source	0.37	rien	quaternius-farm/WaterTower	réservoir eau
1343	blague	nom	95.3	symbole	joie	0.87	objet	poses/joie-femme	joie heureux bonheur
1344	ensemble	nom	95.3		ensemble	0.43	rien	kaykit-space-base-bits/basemodule_garage	base spatiale
1345	bombe	nom	95.2		bombe	0.44	rien	toy-car-kit/vehicle-monster-truck	camion
1346	vague	nom	95.2		vague	0.38	rien	pictos/inquietude	inquiétude
1347	comte	nom	95.1		comte	0.57	porteur	poses/debout-knight-male	chevalier
1348	organiser	verbe	95.1		organiser	0.39	rien	poses/lance-ranger	lancer jeter
1349	exiger	verbe	95		exiger	0.49	rien	pictos/accord	accord
1350	perdu	adjectif	94.9	symbole	boussole	0.97	objet	q-survival/Compass_Open	boussole
1351	article	nom	94.8		article	0.49	rien	pictos/question	question
1352	mince	adjectif	94.8		mince	0.50	rien	pictos/manteau	manteau
1353	élève	nom	94.6	symbole	école	0.87	objet	objets-oga/ecole	école collège lycée
1354	usine	nom	94.6		usine	0.94	objet	city-kit-industrial/building-a	usine
1355	peser	verbe	94.3		peser	0.42	rien	poses/saut-femme	sauter saut bondir
1356	abattre	verbe	94.1		abattre	0.44	rien	poses/saut-femme	sauter saut bondir
1357	rompre	verbe	94	symbole	ruine	0.96	objet	kaykit-medieval/building_destroyed	ruine
1358	distance	nom	94		distance	0.50	rien	kaykit-furniture-bits/shelf_A_big	rayon
1359	aile	nom	93.9	symbole	oiseau	1.00	objet	archipel/oiseau-fou	oiseau
1360	anglais	adjectif	93.9	symbole	drapeau	0.99	objet	pirate-kit/flag-high-pennant	drapeau
1361	compris	adjectif	93.9		compris	0.38	rien	pictos/interdit	interdit
1362	poing	nom	93.6		poing	0.59	porteur	food-kit/whisk	fouet
1363	cuir	nom	93.4		cuir	0.62	porteur	kaykit-resource-bits/Textiles_Stack_Large_Colored	tissus étoffes
1364	précis	adjectif	93.4		précis	0.44	rien	kaykit-furniture-bits/pictureframe_medium	cadre tableau
1365	drap	nom	93.3	symbole	lit	0.96	objet	furniture-kit/bedDouble	lit
1366	mordre	verbe	93.3		mordre	0.60	porteur	poses/rampe-rogue	ramper
1367	succès	nom	93.3	symbole	victoire	1.00	objet	pictos/trophee	victoire
1368	discours	nom	93.3	symbole	micro	1.01	objet	pictos/micro	micro
1369	intelligent	adjectif	93.2	symbole	cerveau	1.00	objet	pictos/cerveau	cerveau
1370	mieux	nom	93.1		mieux	0.42	rien	pictos/doute	doute
1371	américain	nom	93.1	symbole	drapeau	0.99	objet	pirate-kit/flag-high-pennant	drapeau
1372	révéler	verbe	93		révéler	0.38	rien	pictos/mensonge	mensonge
1373	naturellement	adverbe	93		naturellement	0.39	rien	kaykit-restaurant-bits/food_ingredient_carrot	nourriture carotte
1374	piste	nom	92.9		piste	0.46	rien	poses/course-femme	courir course jogging
1375	réparer	verbe	92.8		réparer	0.75	objet	poses/bricole-barbare	bricoler réparer bricolage
1376	reine	nom	92.8	symbole	couronne	1.00	objet	pictos/couronne	couronne
1377	assister	verbe	92.8		assister	0.52	rien	poses/acclame-barbare	applaudir acclamer applaudissements
1378	horrible	adjectif	92.7		horrible	0.58	porteur	pictos/folie	folie
1379	univers	nom	92.7		univers	0.58	porteur	space-kit/alien	extraterrestre martien
1380	accuser	verbe	92.7		accuser	0.54	rien	pictos/mensonge	mensonge
1381	naissance	nom	92.6	symbole	bébé	1.01	objet	pictos/bebe	bébé
1382	vitre	nom	92.6		vitre	0.64	porteur	food-kit/glass	verre
1383	cerveau	nom	92.5		cerveau	1.00	objet	pictos/cerveau	cerveau
1384	faible	adjectif	92.4		faible	0.42	rien	kaykit-furniture-bits/shelf_A_big	rayon
1385	moyen	adjectif	92.4		moyen	0.40	rien	pictos/doute	doute
1386	goutte	nom	92.3		goutte	0.57	porteur	q-survival/WaterBottle_1	bouteille eau
1387	miroir	nom	92.3		miroir	0.97	objet	furniture-kit/bathroomMirror	miroir
1388	tache	nom	92.3		tache	0.52	rien	pictos/yeux	yeux
1389	grâce	nom	92.3		grâce	0.38	rien	platformer-kit/key	clé
1390	enterrer	verbe	92.3		enterrer	0.52	rien	poses/ramasse-homme	ramasser cueillir
1391	boule	nom	91.9		boule	0.86	objet	kaykit-holiday-bits/snowball	boule neige
1392	laisse	nom	91.8	symbole	chien	1.00	objet	poses/bete-dog	chien
1393	interrompre	verbe	91.8		interrompre	0.39	rien	poses/lance-ranger	lancer jeter
1394	dommage	nom	91.7		dommage	0.50	rien	pictos/erreur	erreur
1395	ami	adjectif	91.7	symbole	personne	0.76	objet	mini-characters/character-female-a	personne femme
1396	plat	nom	91.6		plat	0.88	objet	food-kit/tajine	plat marmite
1397	survivre	verbe	91.4		survivre	0.39	rien	poses/rampe-rogue	ramper
1398	sympa	adjectif	91.2		sympa	0.48	rien	poses/marche-dog	chien promener
1399	heureusement	adverbe	91.1		heureusement	0.46	rien	poses/bricole-barbare	bricoler réparer bricolage
1400	haïr	verbe	91.1				hors vocabulaire		
1401	résister	verbe	91.1		résister	0.34	rien	poses/rampe-rogue	ramper
1402	obéir	verbe	91		obéir	0.37	rien	pictos/colere	colère
1403	attitude	nom	90.9		attitude	0.48	rien	pictos/attention	attention
1404	beau	nom	90.9	symbole	fleur	0.97	objet	kaykit-mixed-bag-1/flax_flower_A	fleur
1405	voleur	nom	90.9		voleur	0.60	porteur	poses/debout-wizard	magicien sorcier
1406	soigner	verbe	90.9	symbole	médecin	0.90	objet	poses/debout-doctor-male-old	médecin docteur
1407	rond	adjectif	90.8		rond	0.51	rien	survival-kit/signpost-single	panneau poteau
1408	indiquer	verbe	90.6	symbole	poteau	0.83	objet	survival-kit/signpost-single	panneau poteau
1409	os	nom	90.5				hors vocabulaire		
1410	chauffeur	nom	90.5		chauffeur	0.83	objet	kaykit-city-builder-bits/car_taxi	taxi
1411	bref	adjectif	90.4		bref	0.35	rien	pictos/doute	doute
1412	leçon	nom	90.2	symbole	école	0.87	objet	objets-oga/ecole	école collège lycée
1413	chier	verbe	90.2				hors vocabulaire		
1414	nettoyer	verbe	90.1		nettoyer	0.61	porteur	poses/bricole-barbare	bricoler réparer bricolage
1415	e	nom	89.9				hors vocabulaire		
1416	contenter	verbe	89.7		contenter	0.48	rien	poses/lance-ranger	lancer jeter
1417	génie	nom	89.6		génie	0.42	rien	objets-oga/ecole	école collège lycée
1418	oeuf	nom	89.5	symbole	œuf	0.97	objet	food-kit/egg-half	œuf
1419	fouiller	verbe	89.5		fouiller	0.52	rien	poses/creuse-rogue	creuser bêcher jardiner
1420	monstre	nom	89.5		monstre	0.60	porteur	poses/debout-wizard	magicien sorcier
1421	double	adjectif	89.5		double	0.49	rien	platformer-kit/key	clé
1422	viande	nom	89.4		viande	0.95	objet	food-kit/meat-raw	viande cru
1423	inspecteur	nom	89.4	symbole	police	0.93	objet	car-kit/police	voiture police
1424	solitude	nom	89.4		solitude	0.68	porteur	pictos/ennui	ennui
1425	claquer	verbe	89.3				hors vocabulaire		
1426	creuser	verbe	89.3		creuser	0.71	objet	poses/creuse-rogue	creuser bêcher jardiner
1427	humeur	nom	89.3		humeur	0.47	porteur	poses/joie-femme	joie heureux bonheur
1428	cellule	nom	89.3		cellule	0.44	rien	pictos/cerveau	cerveau
1429	con	adjectif	89.2		con	0.42	rien	food-kit/pizza	pizza
1430	môme	nom	89.2	symbole	garçon	0.89	objet	poses/debout-casual-male	homme garçon
1431	rapidement	adverbe	89.1		rapidement	0.26	rien	pictos/attention	attention
1432	contenir	verbe	89		contenir	0.39	rien	city-kit-industrial/shipping-container-a	conteneur
1433	club	nom	88.9		club	0.67	porteur	kaykit-holiday-bits/football	ballon football
1434	attente	nom	88.9	symbole	assis	0.78	objet	poses/assis-sol-kenney-f	assis asseoir repos
1435	puissance	nom	88.9	symbole	couronne	1.00	objet	pictos/couronne	couronne
1436	condamner	verbe	88.7		condamner	0.41	rien	pictos/mensonge	mensonge
1437	printemps	nom	88.7		printemps	0.82	objet	nature-kit/tree_fat_fall	arbre automne
1438	formidable	adjectif	88.5		formidable	0.41	rien	poses/joie-femme	joie heureux bonheur
1439	trahir	verbe	88.4		trahir	0.43	rien	q-survival/Tent	tente
1440	palais	nom	88.3		palais	0.93	objet	mali/mali_civic_center	palais
1441	qualité	nom	88.2		qualité	0.42	rien	coaster-kit/stall-information	accueil information
1442	supplier	verbe	88.1				hors vocabulaire		
1443	aube	nom	88.1		aube	0.40	rien	pictos/arc-en-ciel	arc-en-ciel iris
1444	quai	nom	88		quai	0.59	porteur	savane/AfricaDock01	ponton
1445	étouffer	verbe	88		étouffer	0.42	rien	mini-characters/aid_hearing	appareil oreille
1446	fabriquer	verbe	87.9	symbole	atelier	0.78	objet	survival-kit/workbench	établi atelier
1447	troisième	adjectif	87.9		troisième	0.56	porteur	pictos/trophee	victoire
1448	faillir	verbe	87.8				hors vocabulaire		
1449	puissant	adjectif	87.7	symbole	couronne	1.00	objet	pictos/couronne	couronne
1450	fumée	nom	87.6		fumée	0.57	porteur	archipel/nuage-pluie	pluie nuage averse
1451	presse	nom	87.6		presse	0.45	rien	furniture-kit/radio	radio
1452	coincer	verbe	87.6				hors vocabulaire		
1453	salope	nom	87.5				hors vocabulaire		
1454	méchant	adjectif	87.4	symbole	loup	1.00	objet	poses/bete-wolf	loup
1455	gâteau	nom	87.3		gâteau	0.98	objet	food-kit/cake	gâteau
1456	siège	nom	87.3	symbole	chaise	0.94	objet	furniture-kit/chair	chaise
1457	remuer	verbe	87.3				hors vocabulaire		
1458	bosser	verbe	87.2	symbole	bureau	0.96	objet	furniture-kit/desk	bureau
1459	visiter	verbe	87.1	symbole	photo	0.96	objet	kaykit-mixed-bag-1/instantcamera	appareil-photo photo
1460	élément	nom	87.1		élément	0.47	rien	kaykit-furniture-bits/pictureframe_medium	cadre tableau
1461	examiner	verbe	87	symbole	loupe	1.01	objet	pictos/loupe	loupe
1462	kilomètre	nom	87		kilomètre	0.39	rien	racing-kit/raceCarGreen	bolide
1463	corde	nom	87		corde	0.59	porteur	pictos/jambe	jambe
1464	distinguer	verbe	86.9		distinguer	0.29	rien	furniture-kit/lampWall	applique lampe
1465	douceur	nom	86.9		douceur	0.46	porteur	platformer-kit/heart	cœur amour
1466	angoisse	nom	86.8	symbole	inquiétude	1.00	objet	pictos/inquietude	inquiétude
1467	accueillir	verbe	86.7		accueillir	0.42	rien	racing-kit/grandStandCovered	tribune stade
1468	artiste	nom	86.7	symbole	tableau	0.75	objet	kaykit-furniture-bits/pictureframe_large_A	cadre tableau
1469	étroit	adjectif	86.6		étroit	0.37	rien	pictos/bouche	bouche
1470	danse	nom	86.5		danse	0.92	objet	poses/danse-cube-monkey	danser danse
1471	rang	nom	86.5		rang	0.34	rien	pictos/couronne	couronne
1472	nerveux	adjectif	86.2		nerveux	0.71	objet	pictos/cerveau	cerveau
1473	gloire	nom	86.2	symbole	médaille	1.00	objet	pictos/medaille	médaille
1474	repousser	verbe	86.1		repousser	0.44	rien	poses/lance-ranger	lancer jeter
1475	silencieux	adjectif	86.1		silencieux	0.45	rien	pictos/chut	silence
1476	contrôle	nom	85.9		contrôle	0.36	rien	mini-characters/aid_hearing	appareil oreille
1477	émotion	nom	85.9	symbole	cœur	0.88	objet	platformer-kit/heart	cœur amour
1478	vieil	adjectif	85.9		vieil	0.51	rien	poses/debout-casual-male	homme garçon
1479	dessin	nom	85.9		dessin	0.75	objet	objets-oga/maison-pencil	crayon
1480	repos	nom	85.9		repos	0.64	porteur	poses/assis-sol-kenney-f	assis asseoir repos
1481	ben	nom	85.6	vide			vide		
1482	haine	nom	85.6		haine	0.68	porteur	pictos/colere	colère
1483	céder	verbe	85.6		céder	0.41	rien	pictos/accord	accord
1484	échanger	verbe	85.6		échanger	0.43	rien	kaykit-holiday-bits/present_sphere_A_red	cadeau
1485	joyeux	adjectif	85.5		joyeux	0.65	porteur	poses/joie-femme	joie heureux bonheur
1486	déplacer	verbe	85.5	symbole	carton	0.80	objet	furniture-kit/cardboardBoxClosed	carton déménagement
1487	véritable	adjectif	85.4		véritable	0.44	rien	pictos/ampoule	idée
1488	crâne	nom	85.4		crâne	0.61	porteur	poses/dino-trex	tyrannosaure dinosaure
1489	aise	nom	85.4		aise	0.36	rien	poses/fauteuil-kenney	fauteuil-roulant handicap
1490	dire	nom	85.3	vide			vide		
1491	verser	verbe	85.2		verser	0.38	rien	q-food/Bottle1	bouteille vin
1492	détacher	verbe	85.2		détacher	0.42	rien	poses/lance-ranger	lancer jeter
1493	fortune	nom	85.1	symbole	or	0.82	objet	kaykit-resource-bits/Gold_Bars_Stack_Large	or lingots
1494	excuse	nom	85.1		excuse	0.59	porteur	pictos/etonnement	étonnement
1495	évoquer	verbe	85.1		évoquer	0.40	rien	pictos/doute	doute
1496	public	nom	85		public	0.52	rien	coaster-kit/stall-information	accueil information
1497	réunion	nom	85	symbole	bureau	0.96	objet	furniture-kit/desk	bureau
1498	inconnu	adjectif	85		inconnu	0.46	rien	kaykit-halloween-bits/tree_dead_large	arbre mort
1499	moteur	nom	84.7		moteur	0.57	porteur	car-kit/tractor	tracteur
1500	m	nom	84.6	vide			vide		
1501	terrasse	nom	84.6		terrasse	0.70	objet	city-kit-commercial/detail-parasol-a	parasol terrasse
1502	commettre	verbe	84.6		commettre	0.46	rien	pictos/erreur	erreur
1503	trésor	nom	84.6		trésor	0.92	objet	survival-kit/chest	coffre trésor
1504	certes	adverbe	84.5		certes	0.55	rien	pictos/doute	doute
1505	fait	adjectif	84.5	vide			vide		
1506	tombe	nom	84.5		tombe	0.49	rien	nature-kit/statue_columnDamaged	colonne ruine
1507	malade	nom	84.4	symbole	médecin	0.90	objet	poses/debout-doctor-male-old	médecin docteur
1508	social	adjectif	84.2		social	0.43	rien	pictos/pensee	pensée
1509	établir	verbe	84.2		établir	0.34	rien	survival-kit/workbench	établi atelier
1510	alcool	nom	84.1	symbole	vin	0.96	objet	food-kit/wine-red	vin rouge
1511	surgir	verbe	84.1		surgir	0.38	rien	poses/lance-ranger	lancer jeter
1512	fantôme	nom	84.1		fantôme	0.83	objet	watercraft-kit/ship-small-ghost	navire fantôme
1513	planète	nom	84	symbole	monde	1.00	objet	pictos/globe	monde
1514	samedi	nom	84	symbole	calendrier	1.00	objet	pictos/calendrier	calendrier
1515	unité	nom	83.9		unité	0.49	rien	kaykit-space-base-bits/basemodule_A	base spatiale
1516	subir	verbe	83.8		subir	0.38	rien	food-kit/whisk	fouet
1517	franchir	verbe	83.7		franchir	0.60	porteur	poses/saut-femme	sauter saut bondir
1518	don	nom	83.6	symbole	cadeau	0.97	objet	kaykit-holiday-bits/present_C_green	cadeau
1519	niveau	nom	83.6		niveau	0.45	rien	kaykit-medieval/ladder	échelle
1520	mode	nom	83.4		mode	0.41	rien	kaykit-furniture-bits/pictureframe_medium	cadre tableau
1521	mignon	adjectif	83.3		mignon	0.50	rien	poses/bete-chick	poussin
1522	lier	verbe	83.2		lier	0.37	rien	pictos/gants	gant
1523	rat	nom	83.2		rat	0.71	objet	cube-pets/animal-cat	animal chat
1524	brillant	adjectif	83.2	symbole	étoile	0.97	objet	platformer-kit/star	étoile
1525	provoquer	verbe	83		provoquer	0.40	rien	pictos/colere	colère
1526	empire	nom	83	symbole	château	0.97	objet	kaykit-medieval/building_castle_blue	château
1527	environ	adverbe	83		environ	0.38	rien	kaykit-furniture-bits/shelf_B_large_decorated	rayon décoré
1528	tendre	adjectif	82.8		tendre	0.47	porteur	poses/ramasse-homme	ramasser cueillir
1529	rayon	nom	82.7		rayon	0.92	objet	kaykit-furniture-bits/shelf_A_big	rayon
1530	abri	nom	82.7		abri	0.79	objet	savane/Kennel01	abri cabane
1531	pardon	nom	82.5	symbole	prière	1.00	objet	pictos/priere	prière
1532	adieu	nom	82.5		adieu	0.77	objet	poses/salue-ranger	saluer salut adieu
1533	cuisse	nom	82.5	symbole	jambe	1.00	objet	pictos/jambe	jambe
1534	comité	nom	82.4		comité	0.50	rien	furniture-kit/desk	bureau
1535	bleu	nom	82.3	symbole	couleurs	1.00	objet	pictos/palette	couleurs
1536	talent	nom	82.3	symbole	guitare	0.99	objet	kaykit-mixed-bag-1/guitar_A	guitare
1537	contrôler	verbe	82.1		contrôler	0.39	rien	poses/lance-ranger	lancer jeter
1538	sur	adjectif	82.1	vide			vide		
1539	goûter	verbe	82.1	symbole	gâteau	0.98	objet	food-kit/cake	gâteau
1540	honnête	adjectif	82.1		honnête	0.53	rien	mini-characters/character-male-a	personne homme
1541	vaste	adjectif	82.1		vaste	0.40	rien	coaster-kit/park-entrance	parc attractions
1542	colline	nom	82		colline	0.64	porteur	kaykit-medieval/hills_A_trees	collines
1543	dessus	nom	82		dessus	0.53	rien	q-interior/Window_Large1	fenêtre
1544	rose	nom	82		rose	0.72	objet	nature-kit/flower_purpleA	fleur violet
1545	fournir	verbe	82		fournir	0.39	rien	coaster-kit/stall-information	accueil information
1546	réserver	verbe	81.9		réserver	0.47	rien	poses/ramasse-homme	ramasser cueillir
1547	demi	adjectif	81.8		demi	0.42	rien	archipel/bete-poule	poule
1548	vu	adjectif	81.8	vide			vide		
1549	saison	nom	81.5		saison	0.45	rien	mini-arcade/basketball-game	basket jeu
1550	inquiet	adjectif	81.5	symbole	inquiétude	1.00	objet	pictos/inquietude	inquiétude
1551	région	nom	81.5		région	0.47	rien	kaykit-medieval/hills_A_trees	collines
1552	fesse	nom	81.5				hors vocabulaire		
1553	rigoler	verbe	81.4	symbole	joie	0.87	objet	poses/joie-femme	joie heureux bonheur
1554	brun	adjectif	81.3	symbole	couleurs	1.00	objet	pictos/palette	couleurs
1555	démon	nom	81.3		démon	0.70	porteur	poses/debout-wizard	magicien sorcier
1556	lycée	nom	81.3		lycée	0.83	objet	objets-oga/ecole	école collège lycée
1557	uniforme	nom	81.2		uniforme	0.49	rien	pictos/chemise	chemise
1558	caractère	nom	81		caractère	0.33	rien	mini-characters/character-male-a	personne homme
1559	tapis	nom	81		tapis	0.96	objet	furniture-kit/rugRectangle	tapis
1560	chaud	adverbe	80.8	symbole	feu	0.78	objet	q-survival/Bonfire_Fire	feu camp
1561	russe	adjectif	80.8		russe	0.26	rien	space-kit/astronautA	astronaute cosmonaute
1562	paysan	nom	80.6	symbole	tracteur	0.98	objet	car-kit/tractor	tracteur
1563	lent	adjectif	80.5		lent	0.36	rien	poses/dort-ranger	dormir sommeil sieste
1564	maîtresse	nom	80.5		maîtresse	0.74	objet	poses/debout-casual-female	femme fille
1565	millier	nom	80.4		millier	0.34	rien	nature-kit/campfire_stones	feu pierres camp
1566	portrait	nom	80.3	symbole	tableau	0.75	objet	kaykit-furniture-bits/pictureframe_large_A	cadre tableau
1567	recouvrir	verbe	80.3		recouvrir	0.56	porteur	food-kit/cutting-board-round	planche découper
1568	accomplir	verbe	80.2	symbole	damier	0.78	objet	racing-kit/flagCheckers	drapeau damier
1569	commissaire	nom	80.1	symbole	police	0.93	objet	car-kit/police	voiture police
1570	circonstance	nom	80		circonstance	0.37	rien	pictos/doute	doute
1571	veiller	verbe	80	symbole	bougie	0.96	objet	kaykit-halloween-bits/candle	bougie
1572	limite	nom	80		limite	0.40	rien	nature-kit/fence_bend	clôture barrière courbé
1573	parfaire	verbe	79.9		parfaire	0.42	rien	poses/bricole-barbare	bricoler réparer bricolage
1574	suivant	adjectif	79.9		suivant	0.41	rien	pictos/calendrier	calendrier
1575	rapprocher	verbe	79.8		rapprocher	0.37	rien	q-survival/Tent	tente
1576	surface	nom	79.8		surface	0.61	porteur	kaykit-furniture-bits/shelf_A_small	rayon
1577	réel	adjectif	79.7		réel	0.48	rien	furniture-kit/computerScreen	ordinateur écran
1578	nul	adjectif	79.6		nul	0.39	rien	kaykit-holiday-bits/football	ballon football
1579	retraite	nom	79.6		retraite	0.36	rien	q-buildings/Hospital	hôpital
1580	déchirer	verbe	79.6				hors vocabulaire		
1581	sauvage	adjectif	79.3	symbole	loup	1.00	objet	poses/bete-wolf	loup
1582	emmerder	verbe	79.3				hors vocabulaire		
1583	enquête	nom	79.3	symbole	loupe	1.01	objet	pictos/loupe	loupe
1584	arrivé	adjectif	79.2		arrivé	0.43	porteur	poses/assis-chaise-ranger	assis chaise attendre
1585	combattre	verbe	79.2	symbole	chevalier	1.01	objet	poses/debout-knight-male	chevalier
1586	affirmer	verbe	79.1		affirmer	0.47	rien	pictos/question	question
1587	pire	nom	79.1		pire	0.52	rien	pictos/honte	honte
1588	joindre	verbe	79.1	symbole	téléphone	0.93	objet	q-survival/Phone	téléphone portable
1589	mystère	nom	79	symbole	loupe	1.01	objet	pictos/loupe	loupe
1590	conclure	verbe	79		conclure	0.60	porteur	pictos/accord	accord
1591	style	nom	79		style	0.35	rien	kaykit-resource-bits/Stone_Bricks_Stack_Large	briques
1592	particulier	adjectif	78.9		particulier	0.41	rien	kaykit-furniture-bits/pictureframe_medium	cadre tableau
1593	soudain	adjectif	78.9		soudain	0.59	porteur	pictos/etonnement	étonnement
1594	précipiter	verbe	78.8	symbole	courir	0.84	objet	poses/course-femme	courir course jogging
1595	cave	nom	78.8		cave	0.56	porteur	kaykit-restaurant-bits/oven	four
1596	savoir	nom	78.7	symbole	livre	0.99	objet	kaykit-furniture-bits/book_single	livre
1597	fatigue	nom	78.7	symbole	sieste	0.81	objet	poses/dort-ranger	dormir sommeil sieste
1598	rassembler	verbe	78.7		rassembler	0.43	rien	poses/ramasse-homme	ramasser cueillir
1599	prière	nom	78.7		prière	1.00	objet	pictos/priere	prière
1600	obscur	adjectif	78.6		obscur	0.43	rien	furniture-kit/bathroomMirror	miroir
1601	opinion	nom	78.5		opinion	0.58	porteur	pictos/inquietude	inquiétude
1602	réduire	verbe	78.5		réduire	0.42	rien	poses/bricole-barbare	bricoler réparer bricolage
1603	habituer	verbe	78.3				hors vocabulaire		
1604	marre	adverbe	78.2		marre	0.45	rien	furniture-kit/loungeSofaOttoman	pouf
1605	prisonnier	nom	78.1		prisonnier	0.52	rien	mali/mali_fortress	forteresse
1606	explication	nom	78		explication	0.52	rien	pictos/question	question
1607	marque	nom	78		marque	0.42	rien	pictos/chaussure	chaussure
1608	pot	nom	77.9		pot	0.98	objet	food-kit/pot	pot
1609	résoudre	verbe	77.9		résoudre	0.43	rien	poses/bricole-barbare	bricoler réparer bricolage
1610	assiette	nom	77.9		assiette	0.95	objet	food-kit/plate-rectangle	assiette
1611	exploser	verbe	77.8		exploser	0.49	rien	mini-market/shelf-end	rayon supermarché
1612	fermé	adjectif	77.8	symbole	cadenas	0.95	objet	platformer-kit/lock	cadenas
1613	rattraper	verbe	77.7		rattraper	0.67	porteur	poses/saut-femme	sauter saut bondir
1614	utile	adjectif	77.7		utile	0.35	rien	kaykit-space-base-bits/basemodule_A	base spatiale
1615	tendresse	nom	77.6		tendresse	0.69	porteur	poses/triste-femme	triste tristesse chagrin
1616	énerver	verbe	77.5	symbole	colère	1.00	objet	pictos/colere	colère
1617	louer	verbe	77.5		louer	0.50	rien	nature-kit/tent_detailedClosed	tente camping
1618	silhouette	nom	77.4		silhouette	0.56	porteur	pictos/visage	visage
1619	égal	adjectif	77.4		égal	0.33	rien	kaykit-furniture-bits/shelf_B_large_decorated	rayon décoré
1620	territoire	nom	77.3	symbole	drapeau	0.99	objet	pirate-kit/flag-high-pennant	drapeau
1621	paysage	nom	77.3	symbole	arbre	0.98	objet	nature-kit/tree_default	arbre
1622	vision	nom	77.3	symbole	yeux	1.01	objet	pictos/yeux	yeux
1623	parcourir	verbe	77.3		parcourir	0.59	porteur	poses/marche-femme	marcher marche promenade
1624	superbe	adjectif	77.3		superbe	0.43	rien	city-kit-commercial/detail-parasol-a	parasol terrasse
1625	sou	nom	77.2	symbole	monnaie	0.87	objet	kaykit-board-game-bits/coin_10_gold	pièces monnaie
1626	banc	nom	77.2		banc	1.00	objet	archipel/banc	banc
1627	souffrance	nom	77.2		souffrance	0.59	porteur	poses/triste-femme	triste tristesse chagrin
1628	date	nom	77.2	symbole	calendrier	1.00	objet	pictos/calendrier	calendrier
1629	botte	nom	77.1		botte	1.00	objet	pictos/bottes	botte
1630	aveugle	adjectif	77		aveugle	0.72	objet	mini-characters/aid-cane-blind	canne aveugle
1631	britannique	adjectif	77		britannique	0.25	rien	watercraft-kit/ship-ocean-liner-small	paquebot
1632	bouton	nom	76.9		bouton	0.53	rien	kaykit-city-builder-bits/box_A	boîte
1633	vain	adjectif	76.9		vain	0.55	rien	q-survival/Tent	tente
1634	parc	nom	76.8		parc	0.93	objet	retro-urban-kit/tree-park-large	arbre parc
1635	désigner	verbe	76.7	symbole	doigt	1.00	objet	pictos/doigt	doigt
1636	flotter	verbe	76.6	symbole	bouée	0.97	objet	watercraft-kit/buoy	bouée
1637	étudiant	nom	76.5	symbole	école	0.87	objet	objets-oga/ecole	école collège lycée
1638	tueur	nom	76.5		tueur	0.54	rien	car-kit/police	voiture police
1639	violent	adjectif	76.5		violent	0.50	rien	pictos/colere	colère
1640	chasseur	nom	76.5		chasseur	0.60	porteur	poses/vol-eagle	aigle rapace
1641	allure	nom	76.4		allure	0.50	rien	poses/galop-horse	cheval galoper galop
1642	rivière	nom	76.4		rivière	0.56	porteur	fantasy-town-kit/watermill-wide	moulin eau
1643	plat	adjectif	76.4		plat	0.88	objet	food-kit/tajine	plat marmite
1644	éternel	adjectif	76.4		éternel	0.54	rien	poses/joie-femme	joie heureux bonheur
1645	charme	nom	76.4		charme	0.51	porteur	nature-kit/flower_purpleA	fleur violet
1646	sourd	adjectif	76.4		sourd	0.47	rien	pictos/porte-voix	cri
1647	agréable	adjectif	76.2		agréable	0.39	rien	poses/marche-dog	chien promener
1648	imagination	nom	76.2	symbole	pensée	1.00	objet	pictos/pensee	pensée
1649	urgence	nom	76.1		urgence	0.59	porteur	car-kit/ambulance	ambulance
1650	série	nom	76.1	symbole	télévision	0.98	objet	furniture-kit/televisionModern	télévision
1651	cercle	nom	76	symbole	anneau	0.87	objet	nature-kit/statue_ring	anneau pierre
1652	super	nom	76		super	0.52	rien	mini-arcade/pinball	flipper
1653	nourriture	nom	75.9		nourriture	0.70	objet	kaykit-restaurant-bits/food_ingredient_cheese	nourriture fromage
1654	vague	adjectif	75.9		vague	0.38	rien	pictos/inquietude	inquiétude
1655	infirmier	nom	75.8	symbole	infirmière	0.89	objet	poses/debout-doctor-female-old	médecin infirmière
1656	disque	nom	75.8	symbole	radio	0.98	objet	furniture-kit/radio	radio
1657	noter	verbe	75.8	symbole	stylo	0.81	objet	objets-oga/stylo-crayon	stylo crayon écrire
1658	bouffer	verbe	75.8	symbole	manger	0.87	objet	poses/mange-cube-pig	cochon manger
1659	russe	nom	75.7		russe	0.26	rien	space-kit/astronautA	astronaute cosmonaute
1660	assassin	nom	75.7		assassin	0.46	rien	mini-characters/character-male-a	personne homme
1661	choc	nom	75.7		choc	0.49	rien	pictos/coeur-brise	rupture
1662	principal	adjectif	75.6		principal	0.38	rien	kaykit-halloween-bits/arch_gate	arche portail
1663	programme	nom	75.6		programme	0.49	rien	kaykit-space-base-bits/basemodule_A	base spatiale
1664	tâche	nom	75.5		tâche	0.38	rien	poses/bricole-barbare	bricoler réparer bricolage
1665	cimetière	nom	75.5		cimetière	0.68	porteur	q-desert/Monument	monument
1666	boutique	nom	75.5		boutique	0.92	objet	q-buildings/Shop	magasin boutique
1667	matière	nom	75.4		matière	0.42	rien	kaykit-space-base-bits/basemodule_A	base spatiale
1668	maigre	adjectif	75.4		maigre	0.55	porteur	food-kit/meat-tenderizer	viande attendrisseur
1669	vrai	nom	75.3		vrai	0.51	rien	mini-skate/character-skate-boy	skateur garçon
1670	plume	nom	75.3		plume	0.57	porteur	objets-oga/maison-pencil	crayon
1671	ouvrier	nom	75.3		ouvrier	0.85	objet	poses/debout-worker-male	ouvrier chantier maçon
1672	soupirer	verbe	75.3				hors vocabulaire		
1673	coupe	nom	75.2	symbole	victoire	1.00	objet	pictos/trophee	victoire
1674	horizon	nom	75.2		horizon	0.56	porteur	pictos/arc-en-ciel	arc-en-ciel iris
1675	envahir	verbe	75.1		envahir	0.38	rien	mali/mali_fortress	forteresse
1676	frontière	nom	75		frontière	0.41	rien	kaykit-medieval/hills_A_trees	collines
1677	guérir	verbe	75	symbole	médecin	0.90	objet	poses/debout-doctor-male-old	médecin docteur
1678	secrétaire	nom	75		secrétaire	0.60	porteur	poses/debout-suit-female	femme affaires bureau
1679	examen	nom	74.9	symbole	école	0.87	objet	objets-oga/ecole	école collège lycée
1680	origine	nom	74.9		origine	0.35	rien	toy-car-kit/vehicle-vintage-racer	voiture ancienne
1681	loup	nom	74.8		loup	1.00	objet	poses/bete-wolf	loup
1682	égard	nom	74.8		égard	0.53	rien	pictos/inquietude	inquiétude
1683	barbe	nom	74.7		barbe	0.52	rien	pictos/chapeau	chapeau
1684	au-delà	adverbe	74.7				hors vocabulaire		
1685	fiancé	nom	74.6	symbole	bague	1.00	objet	pictos/bague	bague
1686	allée	nom	74.5		allée	0.52	porteur	kaykit-medieval/trees_A_large	bosquet arbres
1687	menace	nom	74.5		menace	0.58	porteur	pictos/colere	colère
1688	affreux	adjectif	74.4		affreux	0.54	rien	pictos/ennui	ennui
1689	coupable	adjectif	74.4	symbole	justice	1.00	objet	pictos/balance	justice
1690	blessure	nom	74.4	symbole	pansement	0.97	objet	q-survival/Bandages	pansement
1691	lien	nom	74.3		lien	0.45	rien	pictos/carte	carte
1692	lutter	verbe	74.2		lutter	0.29	rien	poses/lance-ranger	lancer jeter
1693	charge	nom	74.1		charge	0.44	rien	q-survival/FirstAidKit_Hard	trousse secours
1694	changement	nom	74.1		changement	0.50	rien	pictos/coeur-brise	rupture
1695	imbécile	nom	74.1				hors vocabulaire		
1696	perte	nom	74.1		perte	0.44	porteur	pictos/coeur-brise	rupture
1697	principe	nom	73.9		principe	0.54	rien	furniture-kit/lampWall	applique lampe
1698	cracher	verbe	73.7				hors vocabulaire		
1699	hausser	verbe	73.7				hors vocabulaire		
1700	manche	nom	73.6		manche	0.43	rien	watercraft-kit/buoy	bouée
1701	participer	verbe	73.6		participer	0.38	rien	poses/lance-ranger	lancer jeter
1702	écrivain	nom	73.6	symbole	stylo	0.81	objet	objets-oga/stylo-crayon	stylo crayon écrire
1703	match	nom	73.5		match	0.62	porteur	kaykit-holiday-bits/football	ballon football
1704	meuble	nom	73.5		meuble	0.60	porteur	furniture-kit/bathroomCabinetDrawer	armoire toilette
1705	promenade	nom	73.5		promenade	0.71	objet	poses/marche-femme	marcher marche promenade
1706	redresser	verbe	73.3		redresser	0.46	rien	poses/saut-femme	sauter saut bondir
1707	complet	adjectif	73.3		complet	0.40	rien	objets-oga/chess_knight	échecs cavalier
1708	mystérieux	adjectif	73.3		mystérieux	0.58	porteur	poses/debout-wizard	magicien sorcier
1709	voyager	verbe	73.2	symbole	valise	1.01	objet	pictos/valise	valise
1710	contempler	verbe	73	symbole	dos	1.00	objet	poses/dos-casual-female	dos
1711	vers	nom	73	vide			vide		
1712	énergie	nom	72.7	symbole	pile	0.77	objet	q-survival/Battery_Big	pile batterie
1713	carrière	nom	72.7		carrière	0.30	rien	kaykit-holiday-bits/basketball	ballon basket
1714	réserve	nom	72.7		réserve	0.41	rien	quaternius-farm/WaterTower	réservoir eau
1715	apparemment	adverbe	72.6		apparemment	0.63	porteur	pictos/doute	doute
1716	éveiller	verbe	72.6	symbole	réveil	1.00	objet	pictos/reveil	réveil
1717	drogue	nom	72.5		drogue	0.36	rien	food-kit/cocktail	cocktail
1718	ordonner	verbe	72.4		ordonner	0.32	rien	pictos/priere	prière
1719	supérieur	adjectif	72.4		supérieur	0.35	rien	objets-oga/ecole	école collège lycée
1720	promesse	nom	72.4	symbole	accord	1.01	objet	pictos/accord	accord
1721	tantôt	adverbe	72.4		tantôt	0.34	rien	furniture-kit/bedBunk	lit superposé
1722	quelquefois	adverbe	72.3		quelquefois	0.47	rien	food-kit/utensil-spoon	couvert cuillère
1723	raser	verbe	72.3		raser	0.41	rien	poses/porte-kenney	porter carton déménager
1724	grimper	verbe	72.2	symbole	échelle	0.93	objet	kaykit-medieval/ladder	échelle
1725	navire	nom	72.2		navire	0.99	objet	watercraft-kit/ship-large	navire
1726	foncer	verbe	72.1	symbole	bolide	0.95	objet	racing-kit/raceCarRed	bolide
1727	venu	adjectif	72.1	vide			vide		
1728	sueur	nom	72.1		sueur	0.48	rien	pictos/sang	sang
1729	nation	nom	72	symbole	drapeau	0.99	objet	pirate-kit/flag-high-pennant	drapeau
1730	demain	nom	72		demain	0.58	porteur	poses/joie-femme	joie heureux bonheur
1731	mise	nom	71.9		mise	0.35	rien	pictos/theatre	théâtre
1732	fameux	adjectif	71.8		fameux	0.38	rien	food-kit/barrel	tonneau
1733	lapin	nom	71.7		lapin	0.92	objet	cube-pets/animal-bunny	animal lapin
1734	plateau	nom	71.7		plateau	0.56	porteur	kaykit-medieval/hills_A_trees	collines
1735	patient	nom	71.7	symbole	médecin	0.90	objet	poses/debout-doctor-male-old	médecin docteur
1736	figurer	verbe	71.6		figurer	0.41	rien	racing-kit/billboard	panneau publicité
1737	inspirer	verbe	71.6		inspirer	0.46	rien	pictos/ampoule	idée
1738	légèrement	adverbe	71.5		légèrement	0.40	rien	food-kit/paprika-slice	poivron tranche
1739	mouche	nom	71.5		mouche	0.67	porteur	cube-pets/animal-bee	animal abeille
1740	vêtir	verbe	71.5				hors vocabulaire		
1741	péché	nom	71.5		péché	0.49	rien	pictos/honte	honte
1742	déjeuner	verbe	71.4		déjeuner	0.86	objet	kaykit-restaurant-bits/food_dinner	repas dîner
1743	canon	nom	71.2		canon	0.39	rien	kaykit-holiday-bits/bell	cloche
1744	révolution	nom	71.1		révolution	0.33	rien	kaykit-medieval/building_destroyed	ruine
1745	centaine	nom	71		centaine	0.33	rien	car-kit/firetruck	camion pompiers
1746	collègue	nom	71	symbole	bureau	0.96	objet	furniture-kit/desk	bureau
1747	rejeter	verbe	71		rejeter	0.36	rien	pictos/ampoule	idée
1748	angle	nom	70.9		angle	0.47	rien	survival-kit/signpost-single	panneau poteau
1749	bien	adjectif	70.8	vide			vide		
1750	lueur	nom	70.8		lueur	0.56	porteur	archipel/nuage-pluie	pluie nuage averse
1751	censé	adjectif	70.6		censé	0.46	rien	mini-characters/character-male-a	personne homme
1752	ferme	adjectif	70.3		ferme	0.66	porteur	quaternius-farm/Barn	grange
1753	lecture	nom	70.3		lecture	0.81	objet	furniture-kit/bookcaseClosed	bibliothèque lecture
1754	soupe	nom	70.3		soupe	0.90	objet	q-food/CookingPot_Soup	soupe marmite
1755	réclamer	verbe	70.3		réclamer	0.40	rien	poses/porte-kenney	porter carton déménager
1756	sage	adjectif	70.2		sage	0.45	rien	poses/debout-wizard	magicien sorcier
1757	conserver	verbe	70.2	symbole	bocal	0.95	objet	kaykit-restaurant-bits/jar_A_large	bocal
1758	mai	nom	70.2	symbole	fleurs	1.00	objet	archipel/fleurs	fleurs
1759	extraordinaire	adjectif	70.2		extraordinaire	0.37	rien	pictos/etonnement	étonnement
1760	régner	verbe	70.2	symbole	roi	0.73	objet	objets-oga/chess_king	échecs roi
1761	dingue	adjectif	70.2	symbole	folie	1.01	objet	pictos/folie	folie
1762	propriétaire	nom	70		propriétaire	0.55	porteur	kaykit-medieval/building_home_A_blue	maison
1763	confondre	verbe	70		confondre	0.39	rien	food-kit/celery-stick	céleri bâtonnet légume
1764	furieux	adjectif	69.9	symbole	colère	1.00	objet	pictos/colere	colère
1765	procès	nom	69.7	symbole	justice	1.00	objet	pictos/balance	justice
1766	résistance	nom	69.7		résistance	0.37	rien	archipel/feu	feu camp
1767	épreuve	nom	69.7		épreuve	0.61	porteur	poses/course-femme	courir course jogging
1768	retomber	verbe	69.6		retomber	0.48	rien	poses/saut-femme	sauter saut bondir
1769	désert	nom	69.5		désert	0.55	porteur	q-desert/BigPalmTree	palmier oasis
1770	étaler	verbe	69.5		étaler	0.53	rien	food-kit/cutting-board-round	planche découper
1771	minuscule	adjectif	69.4		minuscule	0.46	rien	pictos/lettre	lettre
1772	grille	nom	69.2		grille	0.73	objet	furniture-kit/toaster	grille-pain
1773	détourner	verbe	69.2		détourner	0.55	porteur	poses/lance-ranger	lancer jeter
1774	clef	nom	69.2		clef	0.84	objet	platformer-kit/key	clé
1775	passe	nom	68.9	vide			vide		
1776	etc	adverbe	68.9		etc	0.38	rien	kaykit-resource-bits/Pallet_Wood_Covered_A	palette
1777	jaloux	adjectif	68.9		jaloux	0.42	porteur	mini-skate/character-skate-girl	skateur fille
1778	voile	nom	68.8		voile	0.73	objet	watercraft-kit/boat-sail-a	voilier
1779	sorcier	nom	68.8		sorcier	0.95	objet	poses/debout-wizard	magicien sorcier
1780	coffre	nom	68.7		coffre	0.81	objet	survival-kit/chest	coffre trésor
1781	fâcher	verbe	68.6				hors vocabulaire		
1782	invisible	adjectif	68.6		invisible	0.54	rien	space-kit/alien	extraterrestre martien
1783	o	nom	68.6				hors vocabulaire		
1784	poule	nom	68.5		poule	1.00	objet	archipel/bete-poule	poule
1785	décrire	verbe	68.5	symbole	stylo	0.81	objet	objets-oga/stylo-crayon	stylo crayon écrire
1786	avertir	verbe	68.5		avertir	0.47	rien	pictos/attention	attention
1787	fleuve	nom	68.5	symbole	barque	0.97	objet	watercraft-kit/boat-row-large	barque
1788	bel	adjectif	68.4		bel	0.47	rien	kaykit-medieval/building_tower_A_blue	tour
1789	boue	nom	68.4		boue	0.59	porteur	holiday-kit/snow-pile	neige tas
1790	curiosité	nom	68.4		curiosité	0.62	porteur	pictos/etonnement	étonnement
1791	minuit	nom	68.4	symbole	étoile	0.97	objet	platformer-kit/star	étoile
1792	invité	nom	68.3	symbole	table	0.97	objet	furniture-kit/table	table
1793	faveur	nom	68.3		faveur	0.39	rien	pictos/accord	accord
1794	contrat	nom	68.2	symbole	accord	1.01	objet	pictos/accord	accord
1795	paupière	nom	68.2				hors vocabulaire		
1796	inscrire	verbe	68.1	symbole	stylo	0.81	objet	objets-oga/stylo-crayon	stylo crayon écrire
1797	gâcher	verbe	68.1				hors vocabulaire		
1798	constater	verbe	68		constater	0.52	rien	pictos/etonnement	étonnement
1799	détendre	verbe	68	symbole	sieste	0.81	objet	poses/dort-ranger	dormir sommeil sieste
1800	rechercher	verbe	67.9	symbole	loupe	1.01	objet	pictos/loupe	loupe
1801	chant	nom	67.9	symbole	guitare	0.99	objet	kaykit-mixed-bag-1/guitar_A	guitare
1802	baigner	verbe	67.8	symbole	baignade	0.73	objet	poses/nage-femme	nager nage baignade
1803	masque	nom	67.8		masque	0.58	porteur	pictos/visage	visage
1804	responsable	adjectif	67.8		responsable	0.32	rien	nature-kit/mushroom_red	champignon rouge
1805	domaine	nom	67.8		domaine	0.40	rien	kaykit-medieval/building_castle_blue	château
1806	commandement	nom	67.7		commandement	0.45	rien	space-kit/craft_cargoA	vaisseau
1807	bénir	verbe	67.7	symbole	église	0.98	objet	kaykit-medieval/building_church_blue	église
1808	bêtise	nom	67.7		bêtise	0.57	porteur	pictos/honte	honte
1809	fièvre	nom	67.6	symbole	médecin	0.90	objet	poses/debout-doctor-male-old	médecin docteur
1810	curé	nom	67.5		curé	0.56	porteur	kaykit-medieval/building_church_blue	église
1811	période	nom	67.5		période	0.38	rien	pictos/calendrier	calendrier
1812	débrouiller	verbe	67.5	symbole	bricoler	0.90	objet	poses/bricole-barbare	bricoler réparer bricolage
1813	fatigué	adjectif	67.5	symbole	sieste	0.81	objet	poses/dort-ranger	dormir sommeil sieste
1814	juif	adjectif	67.4		juif	0.36	rien	poses/debout-casual-male	homme garçon
1815	soif	nom	67.4	symbole	eau	0.86	objet	q-survival/WaterBottle_1	bouteille eau
1816	pis	adverbe	67.3		pis	0.40	rien	poses/mange-cube-cow	vache brouter
1817	j	nom	67.2	vide			vide		
1818	crainte	nom	67.2		crainte	0.68	porteur	pictos/inquietude	inquiétude
1819	col	nom	67.2		col	0.57	porteur	kaykit-medieval/mountain_C	montagne
1820	incapable	adjectif	67.2		incapable	0.41	rien	mini-characters/character-male-a	personne homme
1821	conseiller	verbe	67		conseiller	0.56	porteur	food-kit/advocado-half	avocat
1822	allié	nom	67		allié	0.44	rien	mali/mali_fortress	forteresse
1823	mesurer	verbe	66.9		mesurer	0.51	rien	kaykit-medieval/ladder	échelle
1824	effrayer	verbe	66.9				hors vocabulaire		
1825	fonctionner	verbe	66.9	symbole	engrenage	0.94	objet	kaykit-resource-bits/Parts_Cog	engrenage
1826	vieillard	nom	66.9		vieillard	0.63	porteur	poses/debout-casual-male	homme garçon
1827	essuyer	verbe	66.8	symbole	serviette	0.97	objet	q-interior/Bathroom_Towel	serviette
1828	cool	adjectif	66.8		cool	0.55	porteur	q-food/Hotdog	hot-dog saucisse
1829	priver	verbe	66.8		priver	0.43	rien	poses/ramasse-homme	ramasser cueillir
1830	sexuel	adjectif	66.7		sexuel	0.32	rien	cube-pets/animal-monkey	animal singe
1831	entreprise	nom	66.7		entreprise	0.60	porteur	city-kit-industrial/building-a	usine
1832	plaque	nom	66.6		plaque	0.53	rien	nature-kit/sign	panneau pancarte
1833	poulet	nom	66.6		poulet	0.85	objet	q-food/ChickenLeg	poulet pilon
1834	menton	nom	66.6		menton	0.40	rien	pictos/echarpe	écharpe
1835	illusion	nom	66.5		illusion	0.55	porteur	pictos/ampoule	idée
1836	chute	nom	66.4		chute	0.48	rien	kaykit-resource-bits/Parts_Cog	engrenage
1837	rythme	nom	66.4	symbole	tambour	0.82	objet	objets-oga/drumset	batterie tambour
1838	prise	nom	66.3		prise	0.40	rien	q-survival/FirstAidKit_Hard	trousse secours
1839	code	nom	66.3	symbole	cadenas	0.95	objet	platformer-kit/lock	cadenas
1840	dominer	verbe	66.3		dominer	0.46	rien	pictos/globe	monde
1841	total	adjectif	66.2		total	0.36	rien	kaykit-space-base-bits/containers_A	conteneurs
1842	responsabilité	nom	66.2		responsabilité	0.40	rien	pictos/inquietude	inquiétude
1843	évident	adjectif	66.2		évident	0.63	porteur	pictos/doute	doute
1844	apparence	nom	66.2	symbole	miroir	0.97	objet	furniture-kit/bathroomMirror	miroir
1845	récit	nom	66		récit	0.58	porteur	kaykit-furniture-bits/book_single	livre
1846	boulevard	nom	66		boulevard	0.53	porteur	textured-buildings/2Story_Balcony	immeuble ville
1847	majesté	nom	66	symbole	roi	0.73	objet	objets-oga/chess_king	échecs roi
1848	misère	nom	66		misère	0.57	porteur	pictos/honte	honte
1849	saint	adjectif	66		saint	0.63	porteur	kaykit-medieval/building_church_blue	église
1850	gros	nom	65.9		gros	0.45	rien	q-food/ChickenLeg	poulet pilon
1851	brave	adjectif	65.9		brave	0.45	rien	poses/bete-dog	chien
1852	chocolat	nom	65.9		chocolat	0.98	objet	food-kit/chocolate	chocolat
1853	noyer	verbe	65.9		noyer	0.56	porteur	nature-kit/tree_oak_dark	arbre chêne sombre
1854	directement	adverbe	65.8		directement	0.39	rien	space-kit/desk_computerScreen	écran ordinateur
1855	ongle	nom	65.8				hors vocabulaire		
1856	appliquer	verbe	65.7		appliquer	0.50	rien	furniture-kit/lampWall	applique lampe
1857	employer	verbe	65.7		employer	0.52	rien	poses/bricole-barbare	bricoler réparer bricolage
1858	chagrin	nom	65.7	symbole	triste	0.71	objet	poses/triste-femme	triste tristesse chagrin
1859	sensible	adjectif	65.6		sensible	0.35	rien	pictos/inquietude	inquiétude
1860	journaliste	nom	65.6		journaliste	0.49	rien	food-kit/advocado-half	avocat
1861	viser	verbe	65.6		viser	0.49	rien	poses/saut-femme	sauter saut bondir
1862	difficulté	nom	65.5		difficulté	0.49	rien	poses/fauteuil-kenney	fauteuil-roulant handicap
1863	pisser	verbe	65.5				hors vocabulaire		
1864	race	nom	65.5		race	0.59	porteur	poses/bete-horse	cheval jument
1865	auteur	nom	65.4		auteur	0.59	porteur	kaykit-furniture-bits/book_single	livre
1866	célèbre	adjectif	65.2		célèbre	0.36	rien	nature-kit/statue_obelisk	statue obélisque
1867	échange	nom	65.2		échange	0.46	rien	pictos/accord	accord
1868	félicitation	nom	65.2	symbole	acclamer	0.83	objet	poses/acclame-barbare	applaudir acclamer applaudissements
1869	lutte	nom	65		lutte	0.35	rien	pictos/trophee	victoire
1870	démarrer	verbe	65	symbole	voiture	0.97	objet	toy-car-kit/vehicle-suv	voiture
1871	gaz	nom	65		gaz	0.89	objet	q-survival/PropaneTank	bouteille gaz
1872	sommet	nom	64.9		sommet	0.57	porteur	kaykit-medieval/mountain_C	montagne
1873	cruel	adjectif	64.9		cruel	0.51	rien	pictos/folie	folie
1874	sucre	nom	64.8		sucre	0.82	objet	kaykit-holiday-bits/candycane_small	sucre-d’orge
1875	répandre	verbe	64.7		répandre	0.35	rien	poses/lance-ranger	lancer jeter
1876	juin	nom	64.7	symbole	calendrier	1.00	objet	pictos/calendrier	calendrier
1877	inconnu	nom	64.7		inconnu	0.46	rien	kaykit-halloween-bits/tree_dead_large	arbre mort
1878	reprocher	verbe	64.6		reprocher	0.47	rien	pictos/doute	doute
1879	plier	verbe	64.6		plier	0.47	rien	food-kit/cutting-board-round	planche découper
1880	humide	adjectif	64.5	symbole	pluie	0.86	objet	archipel/nuage-pluie	pluie nuage averse
1881	solide	adjectif	64.5		solide	0.37	rien	kaykit-space-base-bits/basemodule_A	base spatiale
1882	bâtiment	nom	64.4		bâtiment	0.82	objet	city-kit-suburban/building-type-a	bâtiment maison
1883	coude	nom	64.4		coude	0.67	porteur	pictos/jambe	jambe
1884	linge	nom	64.3		linge	0.83	objet	furniture-kit/washerDryerStacked	lave-linge sèche-linge
1885	roue	nom	64.3		roue	0.76	objet	mini-arcade/prize-wheel	roue loterie
1886	patience	nom	64.3	symbole	sablier	0.97	objet	kaykit-board-game-bits/hourglass	sablier
1887	opposer	verbe	64.2		opposer	0.35	rien	pictos/ampoule	idée
1888	sensation	nom	64.2		sensation	0.52	rien	pictos/ennui	ennui
1889	gonfler	verbe	64.1	symbole	football	0.90	objet	kaykit-holiday-bits/football	ballon football
1890	science	nom	64		science	0.44	rien	pictos/pensee	pensée
1891	voisin	adjectif	64	symbole	personne	0.76	objet	mini-characters/character-female-a	personne femme
1892	hâte	nom	64		hâte	0.42	rien	nature-kit/statue_column	colonne ruine
1893	vélo	nom	64		vélo	0.94	objet	q-transport/Bicycle	vélo bicyclette
1894	empereur	nom	64	symbole	roi	0.73	objet	objets-oga/chess_king	échecs roi
1895	lac	nom	64		lac	0.58	porteur	quaternius-farm/WaterTower	réservoir eau
1896	pointer	verbe	64		pointer	0.48	rien	poses/bricole-barbare	bricoler réparer bricolage
1897	facilement	adverbe	63.9		facilement	0.30	rien	space-kit/rock_crystals	cristaux
1898	gardien	nom	63.9		gardien	0.58	porteur	mini-arcade/character-gamer	joueur
1899	jadis	adverbe	63.8		jadis	0.39	rien	fantasy-town-kit/fountain-round-detail	fontaine
1900	précieux	adjectif	63.8		précieux	0.48	rien	survival-kit/chest	coffre trésor
1901	intérieur	adjectif	63.8		intérieur	0.49	rien	kaykit-city-builder-bits/building_A_withoutBase	immeuble maison ville
1902	obscurité	nom	63.7	symbole	lanterne	0.95	objet	kaykit-halloween-bits/lantern_standing	lanterne
1903	texte	nom	63.7		texte	0.63	porteur	poses/lit-ranger	lire lecture livre
1904	cauchemar	nom	63.6		cauchemar	0.67	porteur	pictos/folie	folie
1905	renverser	verbe	63.5		renverser	0.46	rien	q-survival/Tent	tente
1906	faîte	nom	63.5		faîte	0.45	rien	pictos/pied	pied
1907	là-dessus	adverbe	63.4				hors vocabulaire		
1908	constituer	verbe	63.4		constituer	0.37	rien	kaykit-furniture-bits/pictureframe_medium	cadre tableau
1909	droit	adverbe	63.4	symbole	justice	1.00	objet	pictos/balance	justice
1910	fuite	nom	63.3	symbole	courir	0.84	objet	poses/course-femme	courir course jogging
1911	franchement	adverbe	63.3		franchement	0.41	rien	pictos/question	question
1912	piège	nom	63.3		piège	0.50	rien	q-survival/Tent	tente
1913	gras	adjectif	63.2		gras	0.45	rien	food-kit/shaker-salt	salière sel
1914	satisfaire	verbe	63.2		satisfaire	0.35	rien	pictos/ampoule	idée
1915	assurance	nom	63		assurance	0.46	rien	q-buildings/Bank	banque
1916	enchanté	adjectif	63		enchanté	0.62	porteur	poses/debout-wizard	magicien sorcier
1917	transporter	verbe	63		transporter	0.64	porteur	kaykit-space-base-bits/cargo_A_stacked	cargaison
1918	tarder	verbe	62.8	symbole	sablier	0.97	objet	kaykit-board-game-bits/hourglass	sablier
1919	exécuter	verbe	62.8		exécuter	0.38	rien	pictos/main	main
1920	signal	nom	62.7		signal	0.50	rien	furniture-kit/radio	radio
1921	essence	nom	62.7		essence	0.81	objet	q-survival/GasCan	jerrican essence
1922	frotter	verbe	62.7				hors vocabulaire		
1923	méfier	verbe	62.6	symbole	attention	0.99	objet	pictos/attention	attention
1924	emprunter	verbe	62.6		emprunter	0.51	rien	q-transport/Train	train tramway
1925	caméra	nom	62.5		caméra	0.63	porteur	furniture-kit/computerScreen	ordinateur écran
1926	créature	nom	62.5		créature	0.65	porteur	poses/debout-witch	sorcière
1927	innocent	adjectif	62.4	symbole	justice	1.00	objet	pictos/balance	justice
1928	usage	nom	62.4		usage	0.48	rien	furniture-kit/lampWall	applique lampe
1929	italien	adjectif	62.4	symbole	drapeau	0.99	objet	pirate-kit/flag-high-pennant	drapeau
1930	activité	nom	62.4		activité	0.32	rien	coaster-kit/stall-information	accueil information
1931	ménage	nom	62.4		ménage	0.48	porteur	food-kit/plate-dinner	assiette dîner
1932	champagne	nom	62.4	symbole	vin	0.96	objet	food-kit/wine-red	vin rouge
1933	jupe	nom	62.4	symbole	robe	1.00	objet	pictos/robe	robe
1934	statue	nom	62.3		statue	0.94	objet	nature-kit/statue_block	statue pierre
1935	août	nom	62.3	symbole	parasol	0.87	objet	city-kit-commercial/detail-parasol-a	parasol terrasse
1936	venger	verbe	62.2		venger	0.43	rien	pictos/colere	colère
1937	longuement	adverbe	62.2		longuement	0.33	rien	food-kit/bacon-raw	lard bacon cru
1938	tristesse	nom	62.1		tristesse	0.89	objet	poses/triste-femme	triste tristesse chagrin
1939	peintre	nom	62.1	symbole	tableau	0.75	objet	kaykit-furniture-bits/pictureframe_large_A	cadre tableau
1940	atelier	nom	62		atelier	0.78	objet	survival-kit/workbench	établi atelier
1941	colonne	nom	62		colonne	0.80	objet	nature-kit/statue_column	colonne ruine
1942	manque	nom	62		manque	0.53	porteur	pictos/attention	attention
1943	soie	nom	62		soie	0.67	porteur	kaykit-resource-bits/Textiles_A	tissus étoffes
1944	punir	verbe	61.8		punir	0.44	rien	pictos/colere	colère
1945	semblable	adjectif	61.8		semblable	0.41	rien	cube-pets/animal-crab	animal crabe
1946	concert	nom	61.8	symbole	micro	1.01	objet	pictos/micro	micro
1947	gai	adjectif	61.8		gai	0.44	rien	poses/marche-dog	chien promener
1948	bloquer	verbe	61.7	symbole	cadenas	0.95	objet	platformer-kit/lock	cadenas
1949	malin	adjectif	61.7	symbole	renard	1.01	objet	archipel/bete-renard	renard
1950	composer	verbe	61.6		composer	0.41	porteur	objets-oga/stylo-crayon	stylo crayon écrire
1951	c	nom	61.6	vide			vide		
1952	disputer	verbe	61.4		disputer	0.46	rien	pictos/trophee	victoire
1953	lundi	nom	61.4	symbole	calendrier	1.00	objet	pictos/calendrier	calendrier
1954	confirmer	verbe	61.4		confirmer	0.48	rien	pictos/doute	doute
1955	rage	nom	61.3	symbole	colère	1.00	objet	pictos/colere	colère
1956	cogner	verbe	61.3				hors vocabulaire		
1957	paradis	nom	61.3		paradis	0.53	porteur	platformer-kit/heart	cœur amour
1958	jouir	verbe	61.2		jouir	0.42	rien	poses/joie-femme	joie heureux bonheur
1959	fragile	adjectif	61.2		fragile	0.41	rien	nature-kit/tree_thin_dark	arbre sombre
1960	bus	nom	61.2		bus	0.93	objet	q-transport/Bus	bus autobus
1961	marchand	nom	61.1		marchand	0.86	objet	maya/merchant-tent	tente marchand
1962	sérieusement	adverbe	61.1		sérieusement	0.45	rien	pictos/doute	doute
1963	repasser	verbe	61.1		repasser	0.52	rien	poses/lance-ranger	lancer jeter
1964	bref	adverbe	61		bref	0.35	rien	pictos/doute	doute
1965	enceinte	adjectif	61	symbole	bébé	1.01	objet	pictos/bebe	bébé
1966	gant	nom	61		gant	1.01	objet	pictos/gants	gant
1967	auto	nom	61		auto	0.82	objet	kaykit-city-builder-bits/car_hatchback	voiture auto
1968	modèle	nom	61		modèle	0.52	rien	car-kit/sedan-sports	voiture berline sport
1969	test	nom	61		test	0.35	rien	pictos/nez	nez
1970	talon	nom	61		talon	0.55	porteur	pictos/bottes	botte
1971	carton	nom	60.9		carton	0.80	objet	furniture-kit/cardboardBoxClosed	carton déménagement
1972	huile	nom	60.9		huile	0.88	objet	food-kit/bottle-oil	bouteille huile
1973	serviette	nom	60.7		serviette	0.97	objet	q-interior/Bathroom_Towel	serviette
1974	plafond	nom	60.7		plafond	0.70	porteur	furniture-kit/lampSquareCeiling	plafonnier lampe
1975	bibliothèque	nom	60.6		bibliothèque	0.96	objet	mali/mali_library	bibliothèque
1976	exposer	verbe	60.6	symbole	tableau	0.75	objet	kaykit-furniture-bits/pictureframe_large_A	cadre tableau
1977	désert	adjectif	60.6		désert	0.55	porteur	q-desert/BigPalmTree	palmier oasis
1978	nerf	nom	60.6		nerf	0.54	rien	pictos/cerveau	cerveau
1979	automne	nom	60.6		automne	0.86	objet	survival-kit/tree-autumn-tall	arbre automne
1980	digne	adjectif	60.6		digne	0.38	rien	mini-characters/character-male-a	personne homme
1981	chiffre	nom	60.4		chiffre	0.37	rien	kaykit-medieval/building_market_blue	marché
1982	efforcer	verbe	60.3				hors vocabulaire		
1983	noble	adjectif	60.3		noble	0.54	rien	poses/debout-knight-male	chevalier
1984	mille	nom	60.3		mille	0.41	rien	kaykit-board-game-bits/coin_gold	pièce or
1985	fidèle	adjectif	60.2	symbole	chien	1.00	objet	poses/bete-dog	chien
1986	frais	nom	60.2		frais	0.48	rien	kaykit-restaurant-bits/food_ingredient_carrot	nourriture carotte
1987	séjour	nom	60.2		séjour	0.32	rien	q-buildings/Hospital	hôpital
1988	net	adjectif	60.2		net	0.36	rien	fantasy-town-kit/stall-red	marché rouge
1989	emploi	nom	60.1	symbole	bureau	0.96	objet	furniture-kit/desk	bureau
1990	cage	nom	60.1		cage	0.50	rien	q-furniture/Closet	armoire placard
1991	accent	nom	60.1		accent	0.45	rien	pictos/langue	langue
1992	organisation	nom	60.1		organisation	0.44	rien	coaster-kit/stall-information	accueil information
1993	rumeur	nom	60.1		rumeur	0.43	rien	pictos/mensonge	mensonge
1994	disposition	nom	60.1		disposition	0.47	rien	coaster-kit/stall-information	accueil information
1995	divers	adjectif	60.1		divers	0.41	rien	kaykit-resource-bits/Textiles_Stack_Large_Colored	tissus étoffes
1996	débarquer	verbe	60		débarquer	0.58	porteur	watercraft-kit/ship-large	navire
1997	volontiers	adverbe	60		volontiers	0.42	rien	poses/marche-dog	chien promener
1998	muet	adjectif	60		muet	0.50	rien	pictos/cinema	cinéma
1999	douche	nom	59.9		douche	0.97	objet	q-interior/Bathroom_Shower1	douche
2000	sécher	verbe	59.9		sécher	0.68	porteur	furniture-kit/dryer	sèche-linge
2001	fonction	nom	59.9		fonction	0.38	rien	kaykit-furniture-bits/pictureframe_medium	cadre tableau
2002	foyer	nom	59.8	symbole	cheminée	0.98	objet	q-interior/Fireplace	cheminée
2003	y	nom	59.8	vide			vide		
2004	esclave	nom	59.8		esclave	0.50	rien	mini-characters/character-female-a	personne femme
2005	religion	nom	59.8	symbole	église	0.98	objet	kaykit-medieval/building_church_blue	église
2006	entretenir	verbe	59.7		entretenir	0.48	rien	poses/creuse-rogue	creuser bêcher jardiner
2007	poignée	nom	59.7		poignée	0.49	rien	survival-kit/tool-shovel-upgraded	pelle
2008	dissimuler	verbe	59.7	symbole	cacher	0.77	objet	poses/accroupi-kenney	accroupi cacher
2009	septembre	nom	59.6	symbole	calendrier	1.00	objet	pictos/calendrier	calendrier
2010	délicat	adjectif	59.5		délicat	0.38	rien	pictos/doute	doute
2011	futur	adjectif	59.5		futur	0.34	rien	space-kit/alien	extraterrestre martien
2012	juillet	nom	59.5	symbole	parasol	0.87	objet	city-kit-commercial/detail-parasol-a	parasol terrasse
2013	guetter	verbe	59.5				hors vocabulaire		
2014	métro	nom	59.5		métro	0.87	objet	train-kit/train-electric-subway-a	train électrique métro
2015	regagner	verbe	59.3		regagner	0.53	rien	kaykit-medieval/tent	tente
2016	to	nom	59.3				hors vocabulaire		
2017	embarquer	verbe	59.3		embarquer	0.68	porteur	watercraft-kit/ship-cargo-a	cargo navire
2018	familier	adjectif	59.2		familier	0.45	rien	cube-pets/animal-parrot	animal perroquet
2019	régime	nom	59.2		régime	0.28	rien	food-kit/plate-sauerkraut	assiette choucroute
2020	informer	verbe	59.1		informer	0.59	porteur	coaster-kit/stall-information	accueil information
2021	métal	nom	59.1	symbole	ferraille	0.96	objet	kaykit-resource-bits/Parts_Pile_Large	ferraille
2022	barrer	verbe	59.1	symbole	barrière	0.76	objet	nature-kit/fence_corner	clôture barrière
2023	estimer	verbe	59		estimer	0.46	rien	kaykit-medieval/ladder	échelle
2024	pression	nom	59		pression	0.47	rien	furniture-kit/ceilingFan	ventilateur
2025	identité	nom	59		identité	0.34	rien	pictos/question	question
2026	ôter	verbe	58.8		ôter	0.51	rien	poses/bricole-barbare	bricoler réparer bricolage
2027	week-end	nom	58.8	symbole	parasol	0.87	objet	city-kit-commercial/detail-parasol-a	parasol terrasse
2028	exercer	verbe	58.8		exercer	0.38	rien	poses/assis-sol-kenney-f	assis asseoir repos
2029	in	adjectif	58.8				hors vocabulaire		
2030	instrument	nom	58.8	symbole	guitare	0.99	objet	kaykit-mixed-bag-1/guitar_A	guitare
2031	nuque	nom	58.8		nuque	0.55	porteur	poses/dos-casual-female	dos
2032	envoler	verbe	58.7	symbole	oiseau	1.00	objet	archipel/oiseau-fou	oiseau
2033	violer	verbe	58.6		violer	0.42	rien	pictos/interdit	interdit
2034	poète	nom	58.6	symbole	stylo	0.81	objet	objets-oga/stylo-crayon	stylo crayon écrire
2035	user	verbe	58.6		user	0.36	rien	pictos/attention	attention
2036	épuiser	verbe	58.5	symbole	sieste	0.81	objet	poses/dort-ranger	dormir sommeil sieste
2037	concentrer	verbe	58.5		concentrer	0.52	rien	poses/lance-ranger	lancer jeter
2038	cabinet	nom	58.5		cabinet	0.61	porteur	poses/debout-suit-female	femme affaires bureau
2039	craquer	verbe	58.4				hors vocabulaire		
2040	repérer	verbe	58.4		repérer	0.42	rien	pictos/attention	attention
2041	privé	adjectif	58.3		privé	0.49	rien	poses/debout-suit-female	femme affaires bureau
2042	génération	nom	58.3		génération	0.34	rien	furniture-kit/laptop	ordinateur portable
2043	mouiller	verbe	58.3	symbole	pluie	0.86	objet	archipel/nuage-pluie	pluie nuage averse
2044	poème	nom	58.2	symbole	livre	0.99	objet	kaykit-furniture-bits/book_single	livre
2045	armer	verbe	58.2		armer	0.42	rien	watercraft-kit/boat-tow-a	remorqueur
2046	bagnole	nom	58.2	symbole	voiture	0.97	objet	toy-car-kit/vehicle-suv	voiture
2047	pompe	nom	58.1		pompe	0.60	porteur	furniture-kit/ceilingFan	ventilateur
2048	singe	nom	58		singe	0.92	objet	cube-pets/animal-monkey	animal singe
2049	échec	nom	58	symbole	erreur	0.99	objet	pictos/erreur	erreur
2050	prof	nom	58	symbole	école	0.87	objet	objets-oga/ecole	école collège lycée
2051	prudent	adjectif	58	symbole	attention	0.99	objet	pictos/attention	attention
2052	épée	nom	58		épée	0.53	rien	q-survival/WoodenTorch_Fire	torche flambeau
2053	tabac	nom	57.9		tabac	0.61	porteur	q-crops/Corn_4	maïs
2054	délicieux	adjectif	57.9	symbole	gâteau	0.98	objet	food-kit/cake	gâteau
2055	moustache	nom	57.9		moustache	0.63	porteur	pictos/pantalon	pantalon
2056	doré	adjectif	57.8	symbole	or	0.82	objet	kaykit-resource-bits/Gold_Bars_Stack_Large	or lingots
2057	percer	verbe	57.8		percer	0.44	rien	poses/lance-ranger	lancer jeter
2058	ceinture	nom	57.8		ceinture	0.34	rien	pictos/medaille	médaille
2059	intervenir	verbe	57.7		intervenir	0.36	rien	pictos/accord	accord
2060	semblant	nom	57.7		semblant	0.48	porteur	poses/dort-ranger	dormir sommeil sieste
2061	empreinte	nom	57.7	symbole	traces	1.00	objet	pictos/traces	traces
2062	ordure	nom	57.6	symbole	poubelle	0.97	objet	furniture-kit/trashcan	poubelle
2063	extrême	adjectif	57.6		extrême	0.29	rien	food-kit/croissant	croissant
2064	préciser	verbe	57.6		préciser	0.55	porteur	pictos/question	question
2065	demi	adverbe	57.6		demi	0.42	rien	archipel/bete-poule	poule
2066	désespoir	nom	57.5		désespoir	0.82	objet	poses/triste-femme	triste tristesse chagrin
2067	identifier	verbe	57.4		identifier	0.38	rien	pictos/attention	attention
2068	gendarme	nom	57.4	symbole	police	0.93	objet	car-kit/police	voiture police
2069	incliner	verbe	57.4		incliner	0.46	rien	poses/assis-chaise-ranger	assis chaise attendre
2070	dévorer	verbe	57.3		dévorer	0.60	porteur	poses/rampe-rogue	ramper
2071	drapeau	nom	57.3		drapeau	0.99	objet	pirate-kit/flag-high-pennant	drapeau
2072	ruine	nom	57.3		ruine	0.96	objet	kaykit-medieval/building_destroyed	ruine
2073	unir	verbe	57.3		unir	0.33	rien	pictos/colombe	paix
2074	reflet	nom	57.2		reflet	0.63	porteur	furniture-kit/bathroomMirror	miroir
2075	entièrement	adverbe	57.1		entièrement	0.35	rien	kaykit-resource-bits/Parts_Pile_Large	ferraille
2076	réaction	nom	57.1		réaction	0.33	rien	pictos/ampoule	idée
2077	discussion	nom	57.1		discussion	0.60	porteur	pictos/question	question
2078	flingue	nom	57				hors vocabulaire		
2079	prétexte	nom	56.9		prétexte	0.42	rien	pictos/interdit	interdit
2080	volant	nom	56.9		volant	0.65	porteur	car-kit/race	bolide voiture
2081	filet	nom	56.9		filet	0.59	porteur	survival-kit/bucket	seau
2082	employé	nom	56.9	symbole	bureau	0.96	objet	furniture-kit/desk	bureau
2083	plante	nom	56.9		plante	0.96	objet	nature-kit/plant_flatShort	plante
2084	défaut	nom	56.8		défaut	0.61	porteur	pictos/erreur	erreur
2085	inquiétude	nom	56.8		inquiétude	1.00	objet	pictos/inquietude	inquiétude
2086	avantage	nom	56.8		avantage	0.42	rien	pictos/trophee	victoire
2087	saigner	verbe	56.7	symbole	sang	1.00	objet	pictos/sang	sang
2088	réagir	verbe	56.6		réagir	0.36	rien	pictos/attention	attention
2089	division	nom	56.6		division	0.32	rien	pictos/trophee	victoire
2090	bas	adverbe	56.5		bas	0.40	rien	platformer-kit/sign	panneau
2091	pressé	adjectif	56.5	symbole	courir	0.84	objet	poses/course-femme	courir course jogging
2092	rocher	nom	56.5		rocher	0.95	objet	nature-kit/rock_largeA	rocher
2093	vaguement	adverbe	56.5		vaguement	0.45	rien	pictos/visage	visage
2094	consacrer	verbe	56.5		consacrer	0.38	rien	poses/bricole-barbare	bricoler réparer bricolage
2095	malheureusement	adverbe	56.4		malheureusement	0.49	rien	pictos/doute	doute
2096	connard	nom	56.4				hors vocabulaire		
2097	persuader	verbe	56.4		persuader	0.57	porteur	q-survival/Tent	tente
2098	possibilité	nom	56.4		possibilité	0.49	rien	pictos/ampoule	idée
2099	avenue	nom	56.4		avenue	0.53	porteur	textured-buildings/2Story_Balcony	immeuble ville
2100	cadre	nom	56.4		cadre	0.75	objet	kaykit-furniture-bits/pictureframe_large_A	cadre tableau
2101	prénom	nom	56.3		prénom	0.44	porteur	poses/debout-casual-female	femme fille
2102	monnaie	nom	56.3		monnaie	0.87	objet	kaykit-board-game-bits/coin_10_gold	pièces monnaie
2103	enfiler	verbe	56.3				hors vocabulaire		
2104	flot	nom	56.2		flot	0.52	rien	q-ships/Boat	barque bateau
2105	vertu	nom	56.2		vertu	0.45	rien	pictos/balance	justice
2106	électrique	adjectif	56.2		électrique	0.70	objet	train-kit/train-electric-double-a	train électrique
2107	emplir	verbe	56.1				hors vocabulaire		
2108	blond	nom	56.1		blond	0.51	rien	pictos/robe	robe
2109	bloc	nom	56.1		bloc	0.47	rien	food-kit/tajine-lid	plat marmite couvercle
2110	imiter	verbe	56		imiter	0.40	rien	poses/danse-cube-monkey	danser danse
2111	nager	verbe	56		nager	0.80	objet	poses/nage-femme	nager nage baignade
2112	moderne	adjectif	56		moderne	0.38	rien	toy-car-kit/vehicle-vintage-racer	voiture ancienne
2113	tribunal	nom	56	symbole	justice	1.00	objet	pictos/balance	justice
2114	tasse	nom	56		tasse	0.95	objet	objets-oga/maison-cup	tasse
2115	revolver	nom	55.9		revolver	0.54	rien	retro-urban-kit/truck-grey	camion
2116	désordre	nom	55.9		désordre	0.55	porteur	pictos/ennui	ennui
2117	placard	nom	55.9		placard	0.97	objet	kaykit-furniture-bits/cabinet_small	placard
2118	dizaine	nom	55.8		dizaine	0.33	rien	mali/mali_market	marché souk
2119	bal	nom	55.8		bal	0.82	objet	poses/danse-femme	danser danse bal
2120	policier	nom	55.8	symbole	police	0.93	objet	car-kit/police	voiture police
2121	auparavant	adverbe	55.7		auparavant	0.23	rien	toy-car-kit/vehicle-vintage-racer	voiture ancienne
2122	élevé	adjectif	55.7		élevé	0.30	rien	nature-kit/stump_old	souche
2123	whisky	nom	55.7		whisky	0.65	porteur	food-kit/bottle-ketchup	bouteille ketchup
2124	université	nom	55.6		université	0.61	porteur	objets-oga/ecole	école collège lycée
2125	habituel	adjectif	55.6		habituel	0.38	rien	food-kit/can-small	conserve boîte
2126	concours	nom	55.6	symbole	victoire	1.00	objet	pictos/trophee	victoire
2127	intelligence	nom	55.6	symbole	cerveau	1.00	objet	pictos/cerveau	cerveau
2128	ouest	nom	55.6	symbole	boussole	0.97	objet	q-survival/Compass_Open	boussole
2129	porc	nom	55.5		porc	0.94	objet	poses/bete-pig	cochon porc
2130	fondre	verbe	55.5	symbole	fondue	0.82	objet	kaykit-halloween-bits/candle_melted	bougie fondue
2131	redevenir	verbe	55.5		redevenir	0.33	rien	poses/porte-kenney	porter carton déménager
2132	culotte	nom	55.4		culotte	0.74	objet	pictos/pantalon	pantalon
2133	revanche	nom	55.4		revanche	0.36	rien	pictos/visage	visage
2134	signaler	verbe	55.4		signaler	0.49	rien	pictos/attention	attention
2135	décrocher	verbe	55.4	symbole	téléphone	0.93	objet	q-survival/Phone	téléphone portable
2136	cheminée	nom	55.4		cheminée	0.98	objet	q-interior/Fireplace	cheminée
2137	central	adjectif	55.4		central	0.46	rien	city-kit-commercial/building-skyscraper-a	bâtiment gratte-ciel tour
2138	seuil	nom	55.4	symbole	porte	0.95	objet	platformer-kit/door-large-open	porte
2139	armoire	nom	55.3		armoire	0.87	objet	q-furniture/Closet	armoire placard
2140	séance	nom	55.3		séance	0.39	rien	city-kit-suburban/fence-1x2	clôture
2141	pourvoir	verbe	55.3		pourvoir	0.24	rien	poses/assis-sol-kenney-f	assis asseoir repos
2142	dehors	nom	55.2		dehors	0.44	rien	q-transport/SchoolBus	car scolaire bus
2143	poupée	nom	55.2	symbole	doudou	0.81	objet	kaykit-mixed-bag-1/chicken_plushie_A	peluche doudou
2144	gaffe	nom	55.1		gaffe	0.58	porteur	food-kit/lollypop	sucette bonbon
2145	veine	nom	55.1		veine	0.42	rien	pictos/bouche	bouche
2146	habit	nom	55.1		habit	0.63	porteur	pictos/robe	robe
2147	comporter	verbe	55.1		comporter	0.41	rien	poses/bricole-barbare	bricoler réparer bricolage
2148	ancien	nom	55.1	symbole	ruine	0.96	objet	kaykit-medieval/building_destroyed	ruine
2149	soumettre	verbe	55.1		soumettre	0.39	rien	poses/lance-ranger	lancer jeter
2150	cabine	nom	55.1		cabine	0.63	porteur	vehicules/rgs-Roadster	voiture décapotable
2151	sel	nom	55.1		sel	0.86	objet	food-kit/shaker-salt	salière sel
2152	enseigner	verbe	55	symbole	école	0.87	objet	objets-oga/ecole	école collège lycée
2153	publier	verbe	55		publier	0.60	porteur	poses/lit-ranger	lire lecture livre
2154	cher	adverbe	55		cher	0.34	rien	q-food/Bottle1	bouteille vin
2155	puer	verbe	54.9				hors vocabulaire		
2156	décevoir	verbe	54.9	symbole	triste	0.71	objet	poses/triste-femme	triste tristesse chagrin
2157	planche	nom	54.9		planche	1.00	objet	kaykit-restaurant-bits/cuttingboard	planche
2158	drame	nom	54.8		drame	0.55	porteur	pictos/theatre	théâtre
2159	pêche	nom	54.8		pêche	0.87	objet	watercraft-kit/boat-fishing-small	bateau pêche
2160	cérémonie	nom	54.8		cérémonie	0.53	rien	pictos/fete	fête
2161	maudit	adjectif	54.7		maudit	0.62	porteur	poses/debout-wizard	magicien sorcier
2162	consulter	verbe	54.7	symbole	médecin	0.90	objet	poses/debout-doctor-male-old	médecin docteur
2163	douloureux	adjectif	54.7		douloureux	0.52	porteur	poses/triste-femme	triste tristesse chagrin
2164	sous-titrage	nom	54.6				hors vocabulaire		
2165	entreprendre	verbe	54.6		entreprendre	0.38	rien	poses/lance-ranger	lancer jeter
2166	exciter	verbe	54.6				hors vocabulaire		
2167	absurde	adjectif	54.5		absurde	0.51	rien	pictos/ennui	ennui
2168	voiler	verbe	54.5				hors vocabulaire		
2169	estomac	nom	54.5		estomac	0.61	porteur	pictos/bouche	bouche
2170	tradition	nom	54.5		tradition	0.40	rien	pictos/pensee	pensée
2171	pente	nom	54.5		pente	0.52	rien	pictos/pied	pied
2172	luxe	nom	54.5		luxe	0.64	porteur	car-kit/suv-luxury	voiture luxe
2173	merveille	nom	54.5	symbole	magie	1.00	objet	pictos/etincelles	magie
2174	soupçonner	verbe	54.5				hors vocabulaire		
2175	paire	nom	54.4		paire	0.51	rien	objets-oga/maison-scissors	ciseaux
2176	médicament	nom	54.4	symbole	pansement	0.97	objet	q-survival/Bandages	pansement
2177	ballon	nom	54.3		ballon	0.69	porteur	kaykit-holiday-bits/football	ballon football
2178	suggérer	verbe	54.3		suggérer	0.49	rien	pictos/doute	doute
2179	cloche	nom	54.3		cloche	0.96	objet	kaykit-holiday-bits/bell	cloche
2180	troubler	verbe	54.3				hors vocabulaire		
2181	officiel	adjectif	54.2		officiel	0.49	rien	pirate-kit/flag-high-pennant	drapeau
2182	fromage	nom	54.2		fromage	0.99	objet	food-kit/cheese	fromage
2183	raccrocher	verbe	54.2	symbole	téléphone	0.93	objet	q-survival/Phone	téléphone portable
2184	conséquence	nom	54.1		conséquence	0.49	rien	pictos/coeur-brise	rupture
2185	opérer	verbe	54.1	symbole	médecin	0.90	objet	poses/debout-doctor-male-old	médecin docteur
2186	pré	nom	54.1	symbole	vache	1.00	objet	poses/bete-cow	vache
2187	bagage	nom	54.1	symbole	valise	1.01	objet	pictos/valise	valise
2188	rive	nom	54.1		rive	0.58	porteur	archipel/pont	pont
2189	aspect	nom	54.1		aspect	0.38	rien	pictos/visage	visage
2190	langage	nom	54		langage	0.45	rien	pictos/langue	langue
2191	messe	nom	54	symbole	église	0.98	objet	kaykit-medieval/building_church_blue	église
2192	décor	nom	54		décor	0.55	porteur	q-interior/Curtains_Double	rideaux fenêtre
2193	station	nom	54		station	0.60	porteur	train-kit/train-electric-subway-a	train électrique métro
2194	lion	nom	53.9		lion	0.89	objet	cube-pets/animal-lion	animal lion
2195	tenue	nom	53.9	symbole	chemise	1.01	objet	pictos/chemise	chemise
2196	regret	nom	53.8		regret	0.73	objet	poses/triste-femme	triste tristesse chagrin
2197	piger	verbe	53.7				hors vocabulaire		
2198	pile	nom	53.7		pile	0.77	objet	q-survival/Battery_Big	pile batterie
2199	pistolet	nom	53.7		pistolet	0.49	rien	toy-car-kit/vehicle-monster-truck	camion
2200	océan	nom	53.7		océan	0.66	porteur	tropiques/ReefBase01	récif corail
2201	profondément	adverbe	53.6		profondément	0.40	rien	pictos/pensee	pensée
2202	vaincre	verbe	53.5	symbole	victoire	1.00	objet	pictos/trophee	victoire
2203	piano	nom	53.5		piano	0.71	objet	kaykit-mixed-bag-1/guitar_A	guitare
2204	sourcil	nom	53.5				hors vocabulaire		
2205	buter	verbe	53.5				hors vocabulaire		
2206	paille	nom	53.5		paille	0.63	porteur	kaykit-restaurant-bits/crate_potatoes	cageot
2207	approche	nom	53.4		approche	0.50	rien	pictos/ampoule	idée
2208	libération	nom	53.4		libération	0.34	rien	pictos/bulle	parole
2209	poudre	nom	53.4		poudre	0.61	porteur	food-kit/bottle-musterd	bouteille moutarde
2210	forcément	adverbe	53.4		forcément	0.47	rien	pictos/question	question
2211	grange	nom	53.3		grange	0.96	objet	quaternius-farm/Barn	grange
2212	accès	nom	53.3		accès	0.58	porteur	coaster-kit/stall-information	accueil information
2213	canard	nom	53.3		canard	0.64	porteur	cube-pets/animal-bunny	animal lapin
2214	suspendre	verbe	53.3		suspendre	0.43	rien	food-kit/cutting-board-round	planche découper
2215	serpent	nom	53.3		serpent	0.67	porteur	q-desert/Scorpion	scorpion
2216	serré	adjectif	53.3		serré	0.45	rien	food-kit/utensil-spoon	couvert cuillère
2217	siffler	verbe	53.2				hors vocabulaire		
2218	portier	nom	53.2	symbole	porte	0.95	objet	platformer-kit/door-large-open	porte
2219	nana	nom	53.2	symbole	femme	0.92	objet	poses/debout-casual-female	femme fille
2220	marié	nom	53.2	symbole	cœur	0.88	objet	platformer-kit/heart	cœur amour
2221	sérieux	nom	53.2		sérieux	0.49	rien	pictos/doute	doute
2222	affronter	verbe	53.1		affronter	0.45	rien	pictos/trophee	victoire
2223	mets	nom	53.1	symbole	repas	0.90	objet	kaykit-restaurant-bits/food_dinner	repas dîner
2224	luire	verbe	53	symbole	étoile	0.97	objet	platformer-kit/star	étoile
2225	fêter	verbe	53	symbole	gâteau	0.98	objet	food-kit/cake	gâteau
2226	couche	nom	52.9		couche	0.54	rien	pictos/manteau	manteau
2227	tracer	verbe	52.9	symbole	crayon	0.97	objet	objets-oga/maison-pencil	crayon
2228	poignet	nom	52.8		poignet	0.71	objet	pictos/jambe	jambe
2229	s	nom	52.8	vide			vide		
2230	nouvel	adjectif	52.8		nouvel	0.37	rien	furniture-kit/speaker	enceinte musique
2231	magique	adjectif	52.8	symbole	magie	1.00	objet	pictos/etincelles	magie
2232	produit	nom	52.8		produit	0.46	rien	q-survival/GasCan	jerrican essence
2233	creux	nom	52.8		creux	0.57	porteur	food-kit/plate-deep	assiette creux
2234	vieillir	verbe	52.7	symbole	canne	0.96	objet	mini-characters/aid-cane	canne
2235	bague	nom	52.7		bague	1.00	objet	pictos/bague	bague
2236	aimable	adjectif	52.7		aimable	0.39	rien	pictos/etonnement	étonnement
2237	cochon	nom	52.7		cochon	0.91	objet	poses/bete-pig	cochon porc
2238	instruction	nom	52.6		instruction	0.41	rien	objets-oga/ecole	école collège lycée
2239	physique	adjectif	52.6		physique	0.37	rien	objets-oga/ecole	école collège lycée
2240	écho	nom	52.6		écho	0.53	rien	furniture-kit/radio	radio
2241	orage	nom	52.5		orage	0.90	objet	archipel/nuage-orage	orage nuage
2242	patrie	nom	52.5	symbole	drapeau	0.99	objet	pirate-kit/flag-high-pennant	drapeau
2243	tard	nom	52.5		tard	0.29	rien	q-buildings/Hospital	hôpital
2244	flanc	nom	52.5		flanc	0.63	porteur	pictos/pied	pied
2245	épargner	verbe	52.3	symbole	monnaie	0.87	objet	kaykit-board-game-bits/coin_10_gold	pièces monnaie
2246	sud	nom	52.3		sud	0.55	porteur	kaykit-medieval/hills_A_trees	collines
2247	liaison	nom	52.3		liaison	0.46	rien	vehicules/avion-ligne	avion ligne aéroport
2248	mlle	nom	52.2		mlle	0.59	porteur	poses/debout-casual-female	femme fille
2249	blessé	nom	52.2	symbole	pansement	0.97	objet	q-survival/Bandages	pansement
2250	instinct	nom	52.2		instinct	0.48	rien	cube-pets/animal-fox	animal renard
2251	certitude	nom	52.1		certitude	0.65	porteur	pictos/doute	doute
2252	chevalier	nom	52.1		chevalier	1.01	objet	poses/debout-knight-male	chevalier
2253	emparer	verbe	52.1		emparer	0.54	rien	q-survival/Tent	tente
2254	cravate	nom	52		cravate	0.73	objet	poses/debout-suit-male	costume cravate patron
2255	c'est-à-dire	adverbe	52				hors vocabulaire		
2256	royal	adjectif	51.9	symbole	roi	0.73	objet	objets-oga/chess_king	échecs roi
2257	comparer	verbe	51.9		comparer	0.38	rien	poses/saut-femme	sauter saut bondir
2258	comédie	nom	51.8	symbole	théâtre	1.00	objet	pictos/theatre	théâtre
2259	chou	nom	51.8		chou	0.92	objet	food-kit/cabbage	chou légume
2260	explosion	nom	51.8		explosion	0.55	porteur	space-kit/meteor	météorite
2261	raisonnable	adjectif	51.8		raisonnable	0.47	rien	pictos/question	question
2262	tiroir	nom	51.7		tiroir	0.76	objet	q-interior/Drawer_1	commode tiroirs
2263	envelopper	verbe	51.7	symbole	cadeau	0.97	objet	kaykit-holiday-bits/present_C_green	cadeau
2264	glacé	adjectif	51.7	symbole	neige	0.98	objet	holiday-kit/snow-flat-large	neige
2265	barque	nom	51.7		barque	0.97	objet	watercraft-kit/boat-row-large	barque
2266	chapitre	nom	51.6	symbole	livre	0.99	objet	kaykit-furniture-bits/book_single	livre
2267	absolu	adjectif	51.6		absolu	0.37	rien	pictos/ennui	ennui
2268	justifier	verbe	51.6		justifier	0.50	rien	pictos/question	question
2269	chauffer	verbe	51.5		chauffer	0.67	porteur	food-kit/frying-pan	poêle casserole
2270	vendredi	nom	51.5	symbole	calendrier	1.00	objet	pictos/calendrier	calendrier
2271	voyageur	nom	51.5	symbole	valise	1.01	objet	pictos/valise	valise
2272	divin	adjectif	51.5	symbole	église	0.98	objet	kaykit-medieval/building_church_blue	église
2273	matériel	nom	51.5		matériel	0.52	rien	train-kit/train-carriage-container-red	wagon conteneur
2274	approuver	verbe	51.5		approuver	0.54	rien	pictos/accord	accord
2275	las	adjectif	51.5		las	0.48	rien	q-desert/CactusWithSombrero	cactus sombrero mexique
2276	particulièrement	adverbe	51.4		particulièrement	0.27	rien	pictos/attention	attention
2277	évidence	nom	51.4		évidence	0.44	rien	pictos/doute	doute
2278	italien	nom	51.4	symbole	drapeau	0.99	objet	pirate-kit/flag-high-pennant	drapeau
2279	façade	nom	51.4		façade	0.62	porteur	textured-buildings/2Story_Balcony	immeuble ville
2280	lame	nom	51.3		lame	0.52	rien	survival-kit/workbench-anvil	enclume forge
2281	stop	nom	51.3		stop	1.00	objet	pictos/stop	stop
2282	échouer	verbe	51.2	symbole	erreur	0.99	objet	pictos/erreur	erreur
2283	ascenseur	nom	51.2		ascenseur	0.56	porteur	train-kit/train-electric-subway-a	train électrique métro
2284	vierge	adjectif	51.2		vierge	0.59	porteur	kaykit-halloween-bits/shrine_candles	autel bougies
2285	assis	adjectif	51.2		assis	0.78	objet	poses/assis-sol-kenney-f	assis asseoir repos
2286	autoriser	verbe	51.2		autoriser	0.50	rien	pictos/interdit	interdit
2287	culture	nom	51.2		culture	0.56	porteur	nature-kit/crops_cornStageA	cultures maïs
2288	veuf	nom	51.1		veuf	0.65	porteur	poses/debout-casual-female	femme fille
2289	rougir	verbe	51.1	symbole	honte	1.00	objet	pictos/honte	honte
2290	zéro	nom	51.1		zéro	0.44	rien	kaykit-furniture-bits/shelf_A_big	rayon
2291	pouce	nom	51.1		pouce	0.76	objet	pictos/doigt	doigt
2292	tempête	nom	51		tempête	0.63	porteur	archipel/nuage-orage	orage nuage
2293	guider	verbe	51	symbole	boussole	0.97	objet	q-survival/Compass_Open	boussole
2294	sergent	nom	51		sergent	0.43	rien	car-kit/police	voiture police
2295	adulte	nom	51	symbole	homme	0.83	objet	poses/debout-casual-male	homme garçon
2296	tir	nom	51		tir	0.46	rien	kaykit-holiday-bits/football	ballon football
2297	balcon	nom	50.9		balcon	0.60	porteur	q-interior/Fireplace	cheminée
2298	moral	adjectif	50.9		moral	0.51	rien	pictos/pensee	pensée
2299	tailler	verbe	50.9		tailler	0.62	porteur	food-kit/cutting-board-round	planche découper
2300	sport	nom	50.8		sport	0.67	porteur	car-kit/kart-oobi	karting
2301	dérouler	verbe	50.8		dérouler	0.43	rien	kaykit-furniture-bits/pictureframe_standing_A	cadre tableau
2302	augmenter	verbe	50.8		augmenter	0.35	rien	poses/saut-femme	sauter saut bondir
2303	coiffer	verbe	50.8	symbole	peigne	0.96	objet	objets-oga/maison-comb	peigne
2304	déconner	verbe	50.8				hors vocabulaire		
2305	totalement	adverbe	50.8		totalement	0.34	rien	pictos/ampoule	idée
2306	télévision	nom	50.7		télévision	0.98	objet	furniture-kit/televisionModern	télévision
2307	jugement	nom	50.7		jugement	0.47	rien	pictos/mensonge	mensonge
2308	soulager	verbe	50.7		soulager	0.42	porteur	q-survival/Bandages	pansement
2309	fixe	adjectif	50.6		fixe	0.45	rien	furniture-kit/lampWall	applique lampe
2310	fonder	verbe	50.6		fonder	0.34	rien	pictos/ampoule	idée
2311	populaire	adjectif	50.6		populaire	0.40	rien	pictos/fete	fête
2312	tordre	verbe	50.6				hors vocabulaire		
2313	gratter	verbe	50.6				hors vocabulaire		
2314	conviction	nom	50.5		conviction	0.56	porteur	pictos/ampoule	idée
2315	âgé	adjectif	50.5		âgé	0.52	porteur	poses/debout-casual-male	homme garçon
2316	atmosphère	nom	50.5		atmosphère	0.49	rien	archipel/nuage-pluie	pluie nuage averse
2317	rond	nom	50.5		rond	0.51	rien	survival-kit/signpost-single	panneau poteau
2318	intime	adjectif	50.4		intime	0.44	rien	mini-characters/character-female-a	personne femme
2319	élan	nom	50.4		élan	0.46	rien	poses/saut-femme	sauter saut bondir
2320	équilibre	nom	50.4		équilibre	0.36	rien	kaykit-medieval/ladder	échelle
2321	marbre	nom	50.4		marbre	0.63	porteur	nature-kit/statue_obelisk	statue obélisque
2322	tissu	nom	50.3		tissu	0.64	porteur	kaykit-resource-bits/Textiles_Stack_Large_Colored	tissus étoffes
2323	villa	nom	50.3	symbole	maison	1.00	objet	archipel/maison-automne	maison
2324	permission	nom	50.3		permission	0.48	rien	poses/salue-ranger	saluer salut adieu
2325	exprès	adjectif	50.3		exprès	0.45	rien	poses/bricole-barbare	bricoler réparer bricolage
2326	incident	nom	50.3		incident	0.36	rien	kaykit-city-builder-bits/firehydrant	borne incendie
2327	grain	nom	50.3		grain	0.67	porteur	q-crops/Wheat_4	blé
2328	couille	nom	50.2				hors vocabulaire		
2329	télégramme	nom	50.2		télégramme	0.57	porteur	pictos/lettre	lettre
2330	comptoir	nom	50.2		comptoir	0.81	objet	furniture-kit/kitchenBar	comptoir cuisine
2331	parer	verbe	50.2		parer	0.47	rien	poses/lance-ranger	lancer jeter
2332	muscle	nom	50.1	symbole	musculation	0.83	objet	poses/pompes-barbare	sport pompes musculation
2333	champion	nom	50.1	symbole	victoire	1.00	objet	pictos/trophee	victoire
2334	commande	nom	50.1		commande	0.39	rien	space-kit/craft_speederA	vaisseau
2335	écrouler	verbe	50.1	symbole	ruine	0.96	objet	kaykit-medieval/building_destroyed	ruine
2336	exercice	nom	50	symbole	musculation	0.83	objet	poses/pompes-barbare	sport pompes musculation
2337	écriture	nom	50	symbole	stylo	0.81	objet	objets-oga/stylo-crayon	stylo crayon écrire
2338	foutu	adjectif	50				hors vocabulaire		
2339	témoigner	verbe	50		témoigner	0.40	rien	mini-characters/character-male-a	personne homme
2340	dépit	nom	49.9		dépit	0.38	rien	pictos/attention	attention
2341	extérieur	nom	49.9		extérieur	0.49	rien	nature-kit/fence_gate	clôture barrière portail
2342	studio	nom	49.9		studio	0.42	rien	kaykit-mixed-bag-1/comicbook_A	bd album
2343	voeu	nom	49.9	symbole	étoile	0.97	objet	platformer-kit/star	étoile
2344	étonnant	adjectif	49.9		étonnant	0.57	porteur	pictos/etonnement	étonnement
2345	demi-heure	nom	49.8	symbole	sablier	0.97	objet	kaykit-board-game-bits/hourglass	sablier
2346	éternité	nom	49.8	symbole	sablier	0.97	objet	kaykit-board-game-bits/hourglass	sablier
2347	carreau	nom	49.8		carreau	0.52	rien	kaykit-resource-bits/Stone_Bricks_Stack_Large	briques
2348	féminin	adjectif	49.8		féminin	0.43	rien	mini-characters/character-female-a	personne femme
2349	fréquenter	verbe	49.8		fréquenter	0.41	rien	poses/danse-cube-monkey	danser danse
2350	méthode	nom	49.7		méthode	0.44	rien	kaykit-medieval/ladder	échelle
2351	traduire	verbe	49.7	symbole	livre	0.99	objet	kaykit-furniture-bits/book_single	livre
2352	régulier	adjectif	49.6		régulier	0.26	rien	city-kit-suburban/fence-1x2	clôture
2353	balayer	verbe	49.6				hors vocabulaire		
2354	jeudi	nom	49.6	symbole	calendrier	1.00	objet	pictos/calendrier	calendrier
2355	embêter	verbe	49.5				hors vocabulaire		
2356	commerce	nom	49.5	symbole	magasin	0.92	objet	q-buildings/Shop	magasin boutique
2357	exagérer	verbe	49.5				hors vocabulaire		
2358	transmettre	verbe	49.5		transmettre	0.47	rien	mini-characters/aid_hearing	appareil oreille
2359	bourrer	verbe	49.5				hors vocabulaire		
2360	photographie	nom	49.4		photographie	0.88	objet	kaykit-mixed-bag-1/instantcamera_picture_A	photo photographie
2361	vomir	verbe	49.4				hors vocabulaire		
2362	vierge	nom	49.4		vierge	0.59	porteur	kaykit-halloween-bits/shrine_candles	autel bougies
2363	garage	nom	49.4		garage	0.62	porteur	car-kit/garbage-truck	benne poubelle camion
2364	population	nom	49.3		population	0.33	rien	q-nature/TreeStump_Moss	souche
2365	degré	nom	49.3		degré	0.44	rien	kaykit-medieval/ladder	échelle
2366	impressionner	verbe	49.2		impressionner	0.46	rien	poses/porte-kenney	porter carton déménager
2367	écart	nom	49.2		écart	0.37	rien	nature-kit/fence_simpleDiagonal	clôture barrière
2368	pipe	nom	49.2		pipe	0.58	porteur	kaykit-restaurant-bits/pot_large	marmite
2369	vallée	nom	49.2		vallée	0.62	porteur	kaykit-medieval/mountain_C	montagne
2370	union	nom	49.2		union	0.45	rien	kaykit-medieval/flag_red	drapeau
2371	déshabiller	verbe	49.2				hors vocabulaire		
2372	star	nom	49.2		star	0.59	porteur	platformer-kit/star	étoile
2373	sacrifice	nom	49.2		sacrifice	0.47	rien	kaykit-mixed-bag-1/idol_A	statuette idole
2374	écrier	verbe	49.2				hors vocabulaire		
2375	prisonnier	adjectif	49.1		prisonnier	0.52	rien	mali/mali_fortress	forteresse
2376	musée	nom	49.1		musée	0.55	porteur	q-desert/Monument	monument
2377	soucier	verbe	49.1		soucier	0.50	rien	poses/bricole-barbare	bricoler réparer bricolage
2378	baron	nom	49.1		baron	0.67	porteur	poses/debout-knight-male	chevalier
2379	envisager	verbe	49.1		envisager	0.47	rien	pictos/ampoule	idée
2380	jaillir	verbe	49	symbole	fontaine	0.97	objet	fantasy-town-kit/fountain-round-detail	fontaine
2381	civil	adjectif	49		civil	0.43	rien	pictos/balance	justice
2382	miss	nom	48.9		miss	0.45	rien	poses/debout-casual-female	femme fille
2383	panier	nom	48.9		panier	0.77	objet	mini-market/shopping-basket	panier courses
2384	impliquer	verbe	48.9		impliquer	0.36	rien	pictos/question	question
2385	heurter	verbe	48.8		heurter	0.41	rien	poses/rampe-rogue	ramper
2386	danseur	nom	48.7		danseur	0.65	porteur	poses/danse-cube-monkey	danser danse
2387	boucle	nom	48.7		boucle	0.49	rien	nature-kit/fence_bend	clôture barrière courbé
2388	protester	verbe	48.7	symbole	bannière	0.94	objet	fantasy-town-kit/banner-red	bannière rouge
2389	marrer	verbe	48.7	symbole	joie	0.87	objet	poses/joie-femme	joie heureux bonheur
2390	discret	adjectif	48.6		discret	0.32	rien	poses/marche-dog	chien promener
2391	blé	nom	48.6		blé	0.98	objet	q-crops/Wheat_4	blé
2392	dénoncer	verbe	48.6		dénoncer	0.48	rien	pictos/mensonge	mensonge
2393	caillou	nom	48.6		caillou	0.62	porteur	kaykit-holiday-bits/snowball	boule neige
2394	satisfaction	nom	48.6		satisfaction	0.48	rien	pictos/etonnement	étonnement
2395	direct	adjectif	48.6		direct	0.43	rien	furniture-kit/televisionAntenna	télévision antenne
2396	tiède	adjectif	48.6				hors vocabulaire		
2397	enterrement	nom	48.5		enterrement	0.52	rien	kaykit-restaurant-bits/food_dinner	repas dîner
2398	aiguille	nom	48.5		aiguille	0.60	porteur	pictos/dent	dent
2399	ordinaire	adjectif	48.5		ordinaire	0.37	rien	mini-characters/character-male-a	personne homme
2400	urgent	adjectif	48.5	symbole	ambulance	0.98	objet	car-kit/ambulance	ambulance
2401	familial	adjectif	48.5		familial	0.51	rien	archipel/maison-automne	maison
2402	crédit	nom	48.5		crédit	0.68	porteur	q-buildings/Bank	banque
2403	royaume	nom	48.5	symbole	château	0.97	objet	kaykit-medieval/building_castle_blue	château
2404	courrier	nom	48.4	symbole	lettre	1.00	objet	pictos/lettre	lettre
2405	nier	verbe	48.4		nier	0.51	rien	pictos/question	question
2406	file	nom	48.4		file	0.50	rien	platformer-kit/sign	panneau
2407	percevoir	verbe	48.4		percevoir	0.37	rien	pictos/cerveau	cerveau
2408	bâton	nom	48.4		bâton	0.53	rien	kaykit-mixed-bag-1/waterbottle_A	gourde
2409	ralentir	verbe	48.4		ralentir	0.53	rien	poses/saut-femme	sauter saut bondir
2410	acier	nom	48.3		acier	0.54	rien	food-kit/glass	verre
2411	manifester	verbe	48.3	symbole	bannière	0.94	objet	fantasy-town-kit/banner-red	bannière rouge
2412	casquette	nom	48.3		casquette	0.68	porteur	pictos/chemise	chemise
2413	humain	nom	48.3	symbole	personne	0.76	objet	mini-characters/character-female-a	personne femme
2414	joueur	nom	48.3		joueur	0.94	objet	mini-arcade/character-gamer	joueur
2415	situer	verbe	48.3	symbole	boussole	0.97	objet	q-survival/Compass_Open	boussole
2416	avant	adjectif	48.3		avant	0.51	rien	poses/assis-chaise-ranger	assis chaise attendre
2417	confus	adjectif	48.2		confus	0.36	rien	pictos/etonnement	étonnement
2418	progrès	nom	48.2		progrès	0.38	rien	pictos/ampoule	idée
2419	amusant	adjectif	48.2	symbole	joie	0.87	objet	poses/joie-femme	joie heureux bonheur
2420	bougie	nom	48.2		bougie	0.96	objet	kaykit-halloween-bits/candle	bougie
2421	barre	nom	48.2		barre	0.48	rien	poses/saut-femme	sauter saut bondir
2422	assistant	nom	48.1		assistant	0.45	rien	poses/debout-doctor-male-old	médecin docteur
2423	visiteur	nom	48.1	symbole	personne	0.76	objet	mini-characters/character-female-a	personne femme
2424	boucler	verbe	48.1				hors vocabulaire		
2425	marrant	adjectif	48.1	symbole	joie	0.87	objet	poses/joie-femme	joie heureux bonheur
2426	octobre	nom	48.1	symbole	calendrier	1.00	objet	pictos/calendrier	calendrier
2427	tremper	verbe	48	symbole	pluie	0.86	objet	archipel/nuage-pluie	pluie nuage averse
2428	rein	nom	48		rein	0.42	rien	pictos/cerveau	cerveau
2429	compliqué	adjectif	48		compliqué	0.36	rien	poses/bricole-barbare	bricoler réparer bricolage
2430	péter	verbe	47.9		péter	0.33	rien	poses/lance-ranger	lancer jeter
2431	shérif	nom	47.9	symbole	cowboy	0.81	objet	poses/debout-cowboy-female	cowboy western
2432	galerie	nom	47.8	symbole	tableau	0.75	objet	kaykit-furniture-bits/pictureframe_large_A	cadre tableau
2433	légende	nom	47.8	symbole	livre	0.99	objet	kaykit-furniture-bits/book_single	livre
2434	enregistrer	verbe	47.8		enregistrer	0.46	porteur	furniture-kit/computerKeyboard	ordinateur clavier
2435	appétit	nom	47.7	symbole	repas	0.90	objet	kaykit-restaurant-bits/food_dinner	repas dîner
2436	éducation	nom	47.7	symbole	école	0.87	objet	objets-oga/ecole	école collège lycée
2437	motif	nom	47.7		motif	0.38	rien	pictos/erreur	erreur
2438	théorie	nom	47.7		théorie	0.59	porteur	pictos/pensee	pensée
2439	brume	nom	47.6		brume	0.61	porteur	archipel/nuage-orage	orage nuage
2440	humanité	nom	47.6	symbole	personne	0.76	objet	mini-characters/character-female-a	personne femme
2441	armé	adjectif	47.6		armé	0.38	rien	watercraft-kit/ship-cargo-a	cargo navire
2442	dessous	nom	47.6		dessous	0.43	rien	kaykit-furniture-bits/pictureframe_medium	cadre tableau
2443	précisément	adverbe	47.6		précisément	0.38	rien	kaykit-furniture-bits/pictureframe_medium	cadre tableau
2444	consoler	verbe	47.6				hors vocabulaire		
2445	annuler	verbe	47.6		annuler	0.40	rien	poses/lance-ranger	lancer jeter
2446	quotidien	adjectif	47.6		quotidien	0.42	rien	poses/lit-ranger	lire lecture livre
2447	ambassadeur	nom	47.6		ambassadeur	0.47	rien	poses/debout-suit-female	femme affaires bureau
2448	destiner	verbe	47.5				hors vocabulaire		
2449	volet	nom	47.5		volet	0.59	porteur	archipel/maison-volets	maison volets
2450	pli	nom	47.4		pli	0.51	rien	pictos/doigt	doigt
2451	dignité	nom	47.4		dignité	0.40	rien	mini-characters/character-male-a	personne homme
2452	déborder	verbe	47.4		déborder	0.54	rien	poses/lance-ranger	lancer jeter
2453	marin	nom	47.3		marin	0.61	porteur	watercraft-kit/boat-fishing-small	bateau pêche
2454	tuyau	nom	47.3		tuyau	0.64	porteur	furniture-kit/ceilingFan	ventilateur
2455	précéder	verbe	47.3				hors vocabulaire		
2456	tendu	adjectif	47.3		tendu	0.44	rien	pictos/doigt	doigt
2457	portée	nom	47.2		portée	0.33	rien	kaykit-furniture-bits/shelf_B_large_decorated	rayon décoré
2458	raide	adjectif	47.1		raide	0.58	porteur	pictos/pied	pied
2459	généreux	adjectif	47	symbole	cadeau	0.97	objet	kaykit-holiday-bits/present_C_green	cadeau
2460	réveil	nom	47		réveil	1.00	objet	pictos/reveil	réveil
2461	écran	nom	47		écran	0.90	objet	furniture-kit/computerScreen	ordinateur écran
2462	formule	nom	46.9		formule	0.38	rien	car-kit/race	bolide voiture
2463	ressortir	verbe	46.9		ressortir	0.44	rien	pictos/visage	visage
2464	émouvoir	verbe	46.9	symbole	cœur	0.88	objet	platformer-kit/heart	cœur amour
2465	secteur	nom	46.8		secteur	0.49	rien	kaykit-medieval/building_market_blue	marché
2466	lumineux	adjectif	46.8		lumineux	0.59	porteur	kaykit-space-base-bits/solarpanel	panneau solaire
2467	individu	nom	46.8	symbole	personne	0.76	objet	mini-characters/character-female-a	personne femme
2468	brûlant	adjectif	46.8	symbole	feu	0.78	objet	q-survival/Bonfire_Fire	feu camp
2469	kilo	nom	46.7				hors vocabulaire		
2470	nègre	nom	46.7		nègre	0.45	rien	savane/africaBush_01	buisson brousse
2471	entretien	nom	46.7		entretien	0.40	rien	coaster-kit/stall-information	accueil information
2472	réjouir	verbe	46.6	symbole	joie	0.87	objet	poses/joie-femme	joie heureux bonheur
2473	catastrophe	nom	46.6		catastrophe	0.51	rien	space-kit/meteor	météorite
2474	concevoir	verbe	46.6		concevoir	0.55	rien	poses/bricole-barbare	bricoler réparer bricolage
2475	matinée	nom	46.6	symbole	café	1.00	objet	food-kit/frappe	café
2476	moine	nom	46.5	symbole	église	0.98	objet	kaykit-medieval/building_church_blue	église
2477	vente	nom	46.5		vente	0.56	porteur	q-buildings/Shop	magasin boutique
2478	uniquement	adverbe	46.5		uniquement	0.38	rien	pictos/interdit	interdit
2479	dépenser	verbe	46.5	symbole	monnaie	0.87	objet	kaykit-board-game-bits/coin_10_gold	pièces monnaie
2480	jouet	nom	46.5		jouet	0.74	objet	holiday-kit/train-wagon-logs	train jouet
2481	moche	adjectif	46.5		moche	0.38	rien	poses/debout-oldclassy-male	papi pépé vieux
2482	chinois	adjectif	46.5		chinois	0.78	objet	maya/chinagong	gong chine
2483	bouquet	nom	46.4		bouquet	0.56	porteur	nature-kit/flower_purpleA	fleur violet
2484	mouillé	adjectif	46.4	symbole	pluie	0.86	objet	archipel/nuage-pluie	pluie nuage averse
2485	pilote	nom	46.4		pilote	0.65	porteur	car-kit/race	bolide voiture
2486	fini	adjectif	46.4		fini	0.39	rien	kaykit-mixed-bag-1/puzzlecube_complete	cube jouet
2487	faiblesse	nom	46.3		faiblesse	0.45	rien	pictos/inquietude	inquiétude
2488	précaution	nom	46.3		précaution	0.52	rien	pictos/erreur	erreur
2489	arabe	nom	46.3		arabe	0.44	rien	mali/mali_wonder	mosquée
2490	suicide	nom	46.2		suicide	0.47	rien	kaykit-halloween-bits/tree_dead_large	arbre mort
2491	éclair	nom	46.2		éclair	0.57	porteur	q-survival/Torch	lampe torche
2492	voyou	nom	46.2		voyou	0.58	porteur	car-kit/taxi	taxi
2493	troisième	nom	46.1		troisième	0.56	porteur	pictos/trophee	victoire
2494	assassiner	verbe	46.1		assassiner	0.41	rien	q-survival/Tent	tente
2495	habitant	nom	46.1	symbole	personne	0.76	objet	mini-characters/character-female-a	personne femme
2496	mouchoir	nom	46.1		mouchoir	0.63	porteur	pictos/chemise	chemise
2497	offre	nom	46.1		offre	0.44	rien	kaykit-holiday-bits/present_C_green	cadeau
2498	brouillard	nom	46.1		brouillard	0.69	porteur	archipel/nuage-pluie	pluie nuage averse
2499	gémir	verbe	46.1				hors vocabulaire		
2500	enveloppe	nom	46.1	symbole	lettre	1.00	objet	pictos/lettre	lettre
2501	salade	nom	46.1		salade	0.98	objet	food-kit/salad	salade
2502	cendre	nom	46		cendre	0.58	porteur	holiday-kit/snow-pile	neige tas
2503	hippo	nom	46				hors vocabulaire		
2504	ivre	adjectif	46	symbole	vin	0.96	objet	food-kit/wine-red	vin rouge
2505	conduite	nom	46	symbole	voiture	0.97	objet	toy-car-kit/vehicle-suv	voiture
2506	espagnol	adjectif	45.9	symbole	drapeau	0.99	objet	pirate-kit/flag-high-pennant	drapeau
2507	profondeur	nom	45.9		profondeur	0.51	rien	kaykit-space-base-bits/drill_structure	forage
2508	roux	adjectif	45.9		roux	0.60	porteur	archipel/bete-renard	renard
2509	sacrifier	verbe	45.9		sacrifier	0.40	rien	poses/accroupi-kenney	accroupi cacher
2510	échelle	nom	45.9		échelle	0.93	objet	kaykit-medieval/ladder	échelle
2511	aborder	verbe	45.7		aborder	0.42	rien	poses/lance-ranger	lancer jeter
2512	endormi	adjectif	45.7	symbole	dormir	0.84	objet	poses/dort-ranger	dormir sommeil sieste
2513	mouton	nom	45.7		mouton	0.87	objet	archipel/bete-mouton	mouton brebis
2514	rarement	adverbe	45.7		rarement	0.46	rien	pictos/nez	nez
2515	impossible	nom	45.6		impossible	0.47	rien	pictos/question	question
2516	délivrer	verbe	45.6		délivrer	0.34	rien	q-survival/FirstAidKit_Hard	trousse secours
2517	communiquer	verbe	45.6	symbole	téléphone	0.93	objet	q-survival/Phone	téléphone portable
2518	vert	nom	45.6	symbole	plante	0.96	objet	nature-kit/plant_flatShort	plante
2519	soulier	nom	45.4	symbole	chaussure	1.00	objet	pictos/chaussure	chaussure
2520	découper	verbe	45.4		découper	0.86	objet	food-kit/cutting-board-round	planche découper
2521	jus	nom	45.4		jus	0.70	porteur	food-kit/lemon-half	citron fruit
2522	littérature	nom	45.4		littérature	0.63	porteur	poses/lit-ranger	lire lecture livre
2523	laid	adjectif	45.4		laid	0.39	rien	pictos/honte	honte
2524	vengeance	nom	45.3		vengeance	0.62	porteur	pictos/colere	colère
2525	sain	adjectif	45.3		sain	0.41	rien	mini-characters/character-male-a	personne homme
2526	large	nom	45.2		large	0.49	porteur	kaykit-mixed-bag-1/chain_anchor	ancre
2527	vivant	nom	45.2	symbole	plante	0.96	objet	nature-kit/plant_flatShort	plante
2528	insulter	verbe	45.2		insulter	0.44	rien	pictos/colere	colère
2529	canne	nom	45.2		canne	0.96	objet	mini-characters/aid-cane	canne
2530	rigueur	nom	45.2		rigueur	0.35	rien	pictos/attention	attention
2531	semer	verbe	45.2		semer	0.63	porteur	poses/ramasse-homme	ramasser cueillir
2532	garer	verbe	45.2	symbole	voiture	0.97	objet	toy-car-kit/vehicle-suv	voiture
2533	brutal	adjectif	45.2		brutal	0.42	rien	pictos/colere	colère
2534	redouter	verbe	45.2				hors vocabulaire		
2535	cavalier	nom	45.1		cavalier	0.75	objet	objets-oga/chess_knight	échecs cavalier
2536	franc	adjectif	45.1	symbole	monnaie	0.87	objet	kaykit-board-game-bits/coin_10_gold	pièces monnaie
2537	brique	nom	45.1		brique	0.84	objet	kaykit-resource-bits/Stone_Bricks_Stack_Large	briques
2538	arrière	adjectif	45.1		arrière	0.55	porteur	furniture-kit/benchCushion	banquette coussin
2539	crème	nom	45.1		crème	0.89	objet	food-kit/whipped-cream	chantilly crème
2540	outil	nom	45.1	symbole	atelier	0.78	objet	survival-kit/workbench	établi atelier
2541	carnet	nom	45	symbole	livre	0.99	objet	kaykit-furniture-bits/book_single	livre
2542	adopter	verbe	45		adopter	0.40	rien	pictos/accord	accord
2543	orgueil	nom	45		orgueil	0.55	porteur	pictos/colere	colère
2544	ouverture	nom	45	symbole	porte	0.95	objet	platformer-kit/door-large-open	porte
2545	communication	nom	45		communication	0.62	porteur	coaster-kit/stall-information	accueil information
2546	scandale	nom	45		scandale	0.47	rien	pictos/mensonge	mensonge
2547	cassé	adjectif	44.9		cassé	0.52	rien	food-kit/plate-broken	assiette cassé
2548	réellement	adverbe	44.9		réellement	0.54	rien	pictos/doute	doute
2549	cabane	nom	44.8		cabane	0.81	objet	savane/Kennel01	abri cabane
2550	loger	verbe	44.8	symbole	maison	1.00	objet	archipel/maison-automne	maison
2551	pourrir	verbe	44.8		pourrir	0.56	porteur	poses/ramasse-homme	ramasser cueillir
2552	renseigner	verbe	44.7	symbole	information	0.87	objet	coaster-kit/stall-information	accueil information
2553	saloperie	nom	44.7				hors vocabulaire		
2554	absent	adjectif	44.7		absent	0.29	rien	poses/dort-ranger	dormir sommeil sieste
2555	envier	verbe	44.7				hors vocabulaire		
2556	casque	nom	44.6		casque	0.96	objet	kaykit-mixed-bag-1/mining_helmet	casque
2557	citer	verbe	44.6		citer	0.27	rien	pictos/doute	doute
2558	canal	nom	44.5	symbole	barque	0.97	objet	watercraft-kit/boat-row-large	barque
2559	défaire	verbe	44.5		défaire	0.49	rien	poses/lance-ranger	lancer jeter
2560	maréchal	nom	44.5		maréchal	0.55	porteur	poses/debout-knight-male	chevalier
2561	souris	nom	44.5		souris	0.83	objet	furniture-kit/computerMouse	ordinateur souris
2562	réflexion	nom	44.5	symbole	doute	1.00	objet	pictos/doute	doute
2563	moto	nom	44.5		moto	0.93	objet	vehicules/moto	moto motocyclette
2564	racine	nom	44.5	symbole	arbre	0.98	objet	nature-kit/tree_default	arbre
2565	four	nom	44.4		four	0.96	objet	kaykit-restaurant-bits/oven	four
2566	tournée	nom	44.4		tournée	0.42	rien	poses/danse-femme	danser danse bal
2567	citoyen	nom	44.3	symbole	personne	0.76	objet	mini-characters/character-female-a	personne femme
2568	cercueil	nom	44.3		cercueil	0.57	porteur	kaykit-furniture-bits/cabinet_small_decorated	placard décoré
2569	cible	nom	44.3		cible	0.47	rien	kaykit-furniture-bits/shelf_A_big	rayon
2570	affection	nom	44.3	symbole	cœur	0.88	objet	platformer-kit/heart	cœur amour
2571	assaut	nom	44.3		assaut	0.56	porteur	mali/mali_fortress	forteresse
2572	poubelle	nom	44.2		poubelle	0.97	objet	furniture-kit/trashcan	poubelle
2573	plaisanterie	nom	44.2	symbole	joie	0.87	objet	poses/joie-femme	joie heureux bonheur
2574	mortel	adjectif	44.2		mortel	0.51	rien	kaykit-halloween-bits/tree_dead_large	arbre mort
2575	ça	nom	44.2	vide			vide		
2576	véhicule	nom	44.2		véhicule	0.78	objet	kaykit-space-base-bits/spacetruck	véhicule lunaire
2577	enfoiré	nom	44.1				hors vocabulaire		
2578	perspective	nom	44.1		perspective	0.48	rien	pictos/pensee	pensée
2579	continue	adjectif	44		continue	0.26	rien	objets-oga/drumset	batterie tambour
2580	revue	nom	44		revue	0.56	porteur	poses/lit-ranger	lire lecture livre
2581	flotte	nom	44		flotte	0.75	objet	watercraft-kit/ship-large	navire
2582	paisible	adjectif	44		paisible	0.48	rien	poses/marche-dog	chien promener
2583	mépris	nom	43.9		mépris	0.62	porteur	pictos/honte	honte
2584	connu	adjectif	43.9		connu	0.32	rien	kaykit-halloween-bits/tree_dead_large_decorated	arbre mort
2585	réputation	nom	43.9		réputation	0.36	rien	pictos/doute	doute
2586	traitement	nom	43.9	symbole	médecin	0.90	objet	poses/debout-doctor-male-old	médecin docteur
2587	évanouir	verbe	43.9				hors vocabulaire		
2588	soupir	nom	43.8		soupir	0.60	porteur	poses/triste-femme	triste tristesse chagrin
2589	intact	adjectif	43.8		intact	0.40	rien	kaykit-medieval/building_destroyed	ruine
2590	distraire	verbe	43.8	symbole	jeu	0.74	objet	mini-arcade/basketball-game	basket jeu
2591	couronne	nom	43.8		couronne	1.00	objet	pictos/couronne	couronne
2592	vase	nom	43.7		vase	0.98	objet	q-furniture/Vase	vase
2593	professionnel	adjectif	43.7		professionnel	0.57	porteur	mini-arcade/character-gamer	joueur
2594	criminel	nom	43.7		criminel	0.56	porteur	car-kit/police	voiture police
2595	essai	nom	43.6		essai	0.46	rien	poses/lit-ranger	lire lecture livre
2596	pour	nom	43.6	vide			vide		
2597	alliance	nom	43.6	symbole	bague	1.00	objet	pictos/bague	bague
2598	profil	nom	43.6		profil	0.34	rien	kaykit-furniture-bits/pictureframe_standing_A	cadre tableau
2599	mémé	nom	43.6		mémé	0.66	porteur	poses/debout-oldclassy-female	mamie mémé vieille
2600	étirer	verbe	43.6				hors vocabulaire		
2601	partenaire	nom	43.5	symbole	personne	0.76	objet	mini-characters/character-female-a	personne femme
2602	filmer	verbe	43.5	symbole	photo	0.96	objet	kaykit-mixed-bag-1/instantcamera	appareil-photo photo
2603	apaiser	verbe	43.5	symbole	sieste	0.81	objet	poses/dort-ranger	dormir sommeil sieste
2604	fierté	nom	43.5	symbole	médaille	1.00	objet	pictos/medaille	médaille
2605	diamant	nom	43.5		diamant	0.83	objet	platformer-kit/jewel	bijou diamant
2606	défiler	verbe	43.5		défiler	0.53	rien	poses/marche-femme	marcher marche promenade
2607	laine	nom	43.4		laine	0.62	porteur	kaykit-resource-bits/Textiles_A	tissus étoffes
2608	plaine	nom	43.4		plaine	0.63	porteur	kaykit-medieval/hills_A_trees	collines
2609	médical	adjectif	43.4		médical	0.59	porteur	poses/debout-doctor-female-old	médecin infirmière
2610	phare	nom	43.4		phare	1.00	objet	archipel/phare	phare
2611	propriété	nom	43.3	symbole	maison	1.00	objet	archipel/maison-automne	maison
2612	chapelle	nom	43.3		chapelle	0.73	objet	kaykit-medieval/building_church_blue	église
2613	prêt	nom	43.3		prêt	0.45	rien	poses/porte-kenney	porter carton déménager
2614	avril	nom	43.3	symbole	fleurs	1.00	objet	archipel/fleurs	fleurs
2615	émission	nom	43.3		émission	0.64	porteur	furniture-kit/televisionAntenna	télévision antenne
2616	bâtir	verbe	43.2	symbole	chantier	0.80	objet	kaykit-medieval/building_scaffolding	échafaudage chantier
2617	beurre	nom	43.1		beurre	0.88	objet	food-kit/peanut-butter	cacahuète beurre
2618	proie	nom	43.1		proie	0.45	rien	cube-pets/animal-fox	animal renard
2619	introduire	verbe	43.1		introduire	0.45	rien	poses/bricole-barbare	bricoler réparer bricolage
2620	bousculer	verbe	43.1				hors vocabulaire		
2621	correspondre	verbe	43.1		correspondre	0.37	rien	pictos/doute	doute
2622	oreiller	nom	43.1		oreiller	0.85	objet	furniture-kit/pillow	coussin oreiller
2623	wagon	nom	43		wagon	0.93	objet	train-kit/train-carriage-flatbed	train wagon
2624	couvent	nom	43		couvent	0.68	porteur	kaykit-medieval/building_church_blue	église
2625	hocher	verbe	42.9				hors vocabulaire		
2626	plomb	nom	42.9		plomb	0.53	rien	food-kit/shaker-salt	salière sel
2627	nocturne	adjectif	42.9	symbole	étoile	0.97	objet	platformer-kit/star	étoile
2628	tente	nom	42.9		tente	0.93	objet	q-survival/Tent	tente
2629	encourager	verbe	42.8	symbole	acclamer	0.83	objet	poses/acclame-barbare	applaudir acclamer applaudissements
2630	ouvrage	nom	42.8		ouvrage	0.73	objet	kaykit-furniture-bits/book_single	livre
2631	cirque	nom	42.8		cirque	0.87	objet	kaykit-mixed-bag-1/circus_tent	cirque chapiteau
2632	bol	nom	42.8		bol	0.95	objet	food-kit/bowl	bol
2633	interminable	adjectif	42.8				hors vocabulaire		
2634	lâche	adjectif	42.8		lâche	0.45	rien	furniture-kit/pillow	coussin oreiller
2635	baraque	nom	42.7		baraque	0.63	porteur	quaternius-farm/BigBarn	grange
2636	déménager	verbe	42.7		déménager	0.60	porteur	poses/porte-kenney	porter carton déménager
2637	enthousiasme	nom	42.7		enthousiasme	0.58	porteur	poses/joie-femme	joie heureux bonheur
2638	province	nom	42.7		province	0.34	rien	kaykit-medieval/hills_A_trees	collines
2639	reprise	nom	42.7		reprise	0.39	rien	pictos/stop	stop
2640	mépriser	verbe	42.6				hors vocabulaire		
2641	collection	nom	42.6		collection	0.61	porteur	q-furniture/BookCaseBooks	bibliothèque livres
2642	proposition	nom	42.6		proposition	0.59	porteur	pictos/accord	accord
2643	section	nom	42.6		section	0.35	rien	pictos/bottes	botte
2644	projeter	verbe	42.5		projeter	0.53	rien	poses/lance-ranger	lancer jeter
2645	ténèbres	nom	42.5		ténèbres	0.58	porteur	pictos/etincelles	magie
2646	transport	nom	42.5		transport	0.56	porteur	kaykit-space-base-bits/containers_A	conteneurs
2647	assemblée	nom	42.5		assemblée	0.41	rien	poses/debout-suit-female	femme affaires bureau
2648	ours	nom	42.5		ours	0.94	objet	cube-pets/animal-polar	ours blanc
2649	tronc	nom	42.4		tronc	0.92	objet	survival-kit/tree-trunk	arbre tronc
2650	grève	nom	42.4	symbole	bannière	0.94	objet	fantasy-town-kit/banner-red	bannière rouge
2651	protection	nom	42.4		protection	0.42	rien	coaster-kit/stall-information	accueil information
2652	attentif	adjectif	42.4		attentif	0.51	rien	pictos/attention	attention
2653	second	nom	42.4		second	0.36	rien	pictos/trophee	victoire
2654	congé	nom	42.4	symbole	parasol	0.87	objet	city-kit-commercial/detail-parasol-a	parasol terrasse
2655	conseiller	nom	42.3		conseiller	0.56	porteur	food-kit/advocado-half	avocat
2656	sentier	nom	42.3		sentier	0.60	porteur	kaykit-medieval/mountain_C	montagne
2657	modeste	adjectif	42.3		modeste	0.36	rien	poses/debout-worker-male	ouvrier chantier maçon
2658	cuisinier	nom	42.3		cuisinier	0.88	objet	poses/debout-chef-male	cuisinier chef cuisine
2659	incendie	nom	42.3		incendie	0.70	objet	kaykit-city-builder-bits/firehydrant	borne incendie
2660	terreur	nom	42.3		terreur	0.57	porteur	pictos/folie	folie
2661	dalle	nom	42.2		dalle	0.43	rien	nature-kit/stone_largeA	pierre
2662	déclencher	verbe	42.1		déclencher	0.42	rien	poses/lance-ranger	lancer jeter
2663	aéroport	nom	42.1		aéroport	0.77	objet	vehicules/avion-ligne	avion ligne aéroport
2664	crétin	nom	42.1				hors vocabulaire		
2665	cigare	nom	42.1				hors vocabulaire		
2666	cuire	verbe	42.1	symbole	four	0.96	objet	kaykit-restaurant-bits/oven	four
2667	rock	nom	42	symbole	guitare	0.99	objet	kaykit-mixed-bag-1/guitar_A	guitare
2668	maire	nom	42	symbole	costume	0.79	objet	poses/debout-suit-male	costume cravate patron
2669	sincère	adjectif	42		sincère	0.47	rien	poses/salue-ranger	saluer salut adieu
2670	amer	adjectif	42		amer	0.53	rien	food-kit/lemon-half	citron fruit
2671	découverte	nom	42		découverte	0.47	rien	pictos/traces	traces
2672	menteur	nom	42	symbole	mensonge	1.00	objet	pictos/mensonge	mensonge
2673	sacrer	verbe	42				hors vocabulaire		
2674	personnel	nom	42		personnel	0.42	rien	coaster-kit/stall-information	accueil information
2675	sucer	verbe	42				hors vocabulaire		
2676	commission	nom	41.9		commission	0.41	rien	furniture-kit/desk	bureau
2677	indifférence	nom	41.9		indifférence	0.67	porteur	pictos/inquietude	inquiétude
2678	chèque	nom	41.9	symbole	monnaie	0.87	objet	kaykit-board-game-bits/coin_10_gold	pièces monnaie
2679	conférence	nom	41.9		conférence	0.41	rien	pictos/colombe	paix
2680	marié	adjectif	41.9	symbole	cœur	0.88	objet	platformer-kit/heart	cœur amour
2681	renseignement	nom	41.9		renseignement	0.43	rien	furniture-kit/desk	bureau
2682	panique	nom	41.8		panique	0.55	rien	pictos/folie	folie
2683	développer	verbe	41.8		développer	0.42	rien	poses/bricole-barbare	bricoler réparer bricolage
2684	novembre	nom	41.8	symbole	calendrier	1.00	objet	pictos/calendrier	calendrier
2685	fureur	nom	41.8		fureur	0.78	objet	pictos/colere	colère
2686	plainte	nom	41.8		plainte	0.47	rien	pictos/bulle	parole
2687	taule	nom	41.7				hors vocabulaire		
2688	cuivre	nom	41.7		cuivre	0.60	porteur	kaykit-resource-bits/Silver_Bars	argent lingots
2689	bijoux	nom	41.7	pluriel	bijou	0.84	objet	platformer-kit/jewel	bijou diamant
2690	grec	adjectif	41.6		grec	0.28	rien	pictos/langue	langue
2691	déclaration	nom	41.6		déclaration	0.55	porteur	pictos/accord	accord
2692	international	adjectif	41.5	symbole	monde	1.00	objet	pictos/globe	monde
2693	timide	adjectif	41.5	symbole	honte	1.00	objet	pictos/honte	honte
2694	ambition	nom	41.5		ambition	0.54	rien	pictos/ampoule	idée
2695	demeure	nom	41.5		demeure	0.58	porteur	q-buildings/House	maison
2696	foie	nom	41.5		foie	0.59	porteur	kaykit-holiday-bits/milk	lait
2697	affecter	verbe	41.4		affecter	0.39	rien	poses/bricole-barbare	bricoler réparer bricolage
2698	crayon	nom	41.4		crayon	0.97	objet	objets-oga/maison-pencil	crayon
2699	suicider	verbe	41.4		suicider	0.44	rien	poses/triste-femme	triste tristesse chagrin
2700	ordinateur	nom	41.4		ordinateur	0.87	objet	furniture-kit/laptop	ordinateur portable
2701	respiration	nom	41.4		respiration	0.49	rien	poses/pompes-barbare	sport pompes musculation
2702	impatience	nom	41.4		impatience	0.65	porteur	poses/joie-femme	joie heureux bonheur
2703	plus	nom	41.4	vide			vide		
2704	carrefour	nom	41.4	symbole	poteau	0.83	objet	survival-kit/signpost-single	panneau poteau
2705	clou	nom	41.3		clou	0.61	porteur	food-kit/shaker-pepper	salière poivre
2706	pédé	nom	41.3				hors vocabulaire		
2707	hanche	nom	41.3		hanche	0.76	objet	pictos/jambe	jambe
2708	chanteur	nom	41.2		chanteur	0.63	porteur	kaykit-mixed-bag-1/guitar_A	guitare
2709	puits	nom	41.2		puits	1.00	objet	archipel/puits	puits
2710	pâte	nom	41.2		pâte	0.70	objet	food-kit/rollingPin	rouleau pâtisserie
2711	bouquin	nom	41.2	symbole	livre	0.99	objet	kaykit-furniture-bits/book_single	livre
2712	pénible	adjectif	41.2		pénible	0.46	rien	pictos/ennui	ennui
2713	com	nom	41.2		com	0.34	rien	mini-arcade/basketball-game	basket jeu
2714	mars	nom	41.2	symbole	calendrier	1.00	objet	pictos/calendrier	calendrier
2715	compliquer	verbe	41.2		compliquer	0.47	rien	poses/bricole-barbare	bricoler réparer bricolage
2716	amoureux	nom	41.1	symbole	cœur	0.88	objet	platformer-kit/heart	cœur amour
2717	juste	nom	41.1	vide			vide		
2718	circuler	verbe	41	symbole	voiture	0.97	objet	toy-car-kit/vehicle-suv	voiture
2719	exécution	nom	41		exécution	0.31	rien	pictos/erreur	erreur
2720	contacter	verbe	41	symbole	téléphone	0.93	objet	q-survival/Phone	téléphone portable
2721	poésie	nom	41		poésie	0.56	porteur	poses/lit-ranger	lire lecture livre
2722	torturer	verbe	41				hors vocabulaire		
2723	chinois	nom	41		chinois	0.78	objet	maya/chinagong	gong chine
2724	local	adjectif	41		local	0.39	rien	coaster-kit/stall-information	accueil information
2725	pourri	adjectif	40.9		pourri	0.52	rien	q-nature/Rock_Moss_1	rocher mousse
2726	agence	nom	40.9		agence	0.50	rien	q-buildings/Bank	banque
2727	aspirer	verbe	40.9				hors vocabulaire		
2728	mélange	nom	40.9		mélange	0.48	rien	q-food/SoySauce	sauce soja
2729	prochain	nom	40.9		prochain	0.53	rien	poses/salue-ranger	saluer salut adieu
2730	mèche	nom	40.9		mèche	0.52	rien	pictos/chemise	chemise
2731	décoller	verbe	40.9		décoller	0.60	porteur	vehicules/avion-jouet	avion
2732	document	nom	40.9		document	0.43	rien	furniture-kit/bookcaseClosed	bibliothèque lecture
2733	extérieur	adjectif	40.9		extérieur	0.49	rien	nature-kit/fence_gate	clôture barrière portail
2734	magie	nom	40.9		magie	1.00	objet	pictos/etincelles	magie
2735	toutefois	adverbe	40.8		toutefois	0.48	rien	pictos/doute	doute
2736	vitrine	nom	40.8		vitrine	0.60	porteur	textured-buildings/1Story_Sign	boutique magasin
2737	bouleverser	verbe	40.8		bouleverser	0.45	rien	poses/bricole-barbare	bricoler réparer bricolage
2738	exception	nom	40.8		exception	0.38	rien	pictos/interdit	interdit
2739	économie	nom	40.8	symbole	monnaie	0.87	objet	kaykit-board-game-bits/coin_10_gold	pièces monnaie
2740	procurer	verbe	40.7		procurer	0.54	rien	poses/ramasse-homme	ramasser cueillir
2741	excellence	nom	40.7		excellence	0.40	rien	pictos/medaille	médaille
2742	piscine	nom	40.7	symbole	nage	0.89	objet	poses/nage-femme	nager nage baignade
2743	essentiel	nom	40.7		essentiel	0.34	rien	platformer-kit/key	clé
2744	apparition	nom	40.7		apparition	0.44	rien	pictos/reveil	réveil
2745	courageux	adjectif	40.6	symbole	chevalier	1.01	objet	poses/debout-knight-male	chevalier
2746	bavarder	verbe	40.6	symbole	parole	1.00	objet	pictos/bulle	parole
2747	étrangler	verbe	40.6				hors vocabulaire		
2748	planquer	verbe	40.5	symbole	cacher	0.77	objet	poses/accroupi-kenney	accroupi cacher
2749	bondir	verbe	40.5		bondir	0.81	objet	poses/saut-femme	sauter saut bondir
2750	consentir	verbe	40.5				hors vocabulaire		
2751	geler	verbe	40.4	symbole	neige	0.98	objet	holiday-kit/snow-flat-large	neige
2752	b	nom	40.4				hors vocabulaire		
2753	réciter	verbe	40.4	symbole	livre	0.99	objet	kaykit-furniture-bits/book_single	livre
2754	possession	nom	40.4		possession	0.43	rien	mali/mali_fortress	forteresse
2755	annonce	nom	40.4	symbole	cri	1.00	objet	pictos/porte-voix	cri
2756	féliciter	verbe	40.4		féliciter	0.65	porteur	poses/salue-ranger	saluer salut adieu
2757	bonhomme	nom	40.4		bonhomme	0.85	objet	kaykit-holiday-bits/snowman_A	bonhomme neige
2758	guide	nom	40.4		guide	0.46	rien	furniture-kit/books	livre
2759	catholique	adjectif	40.3		catholique	0.68	porteur	kaykit-medieval/building_church_blue	église
2760	raccompagner	verbe	40.3	symbole	marche	0.79	objet	poses/marche-femme	marcher marche promenade
2761	prolonger	verbe	40.3		prolonger	0.33	rien	poses/lance-ranger	lancer jeter
2762	quant	nom	40.2		quant	0.32	rien	pictos/doute	doute
2763	concierge	nom	40.2		concierge	0.56	porteur	q-furniture/Closet	armoire placard
2764	velours	nom	40.2		velours	0.57	porteur	pictos/chapeau	chapeau
2765	plaquer	verbe	40.2				hors vocabulaire		
2766	solitaire	adjectif	40.1		solitaire	0.40	rien	cube-pets/animal-penguin	animal manchot pingouin
2767	asile	nom	40.1		asile	0.58	porteur	q-buildings/Hospital	hôpital
2768	pause	nom	40.1	symbole	café	1.00	objet	food-kit/frappe	café
2769	gouverneur	nom	40.1		gouverneur	0.40	rien	poses/debout-chef-male	cuisinier chef cuisine
2770	cité	nom	40.1		cité	0.56	porteur	textured-buildings/4Story	immeuble ville
2771	puce	nom	40.1		puce	0.74	objet	furniture-kit/computerMouse	ordinateur souris
2772	tranquillement	adverbe	40.1		tranquillement	0.60	porteur	poses/dort-ranger	dormir sommeil sieste
2773	animer	verbe	40.1		animer	0.44	rien	poses/bricole-barbare	bricoler réparer bricolage
2774	ronger	verbe	40.1				hors vocabulaire		
2775	ticket	nom	40.1		ticket	0.52	rien	car-kit/taxi	taxi
2776	espagnol	nom	40	symbole	drapeau	0.99	objet	pirate-kit/flag-high-pennant	drapeau
2777	vilain	adjectif	40		vilain	0.47	rien	space-kit/alien	extraterrestre martien
2778	redescendre	verbe	40	symbole	échelle	0.93	objet	kaykit-medieval/ladder	échelle
2779	capitale	nom	40		capitale	0.60	porteur	textured-buildings/4Story	immeuble ville
2780	copie	nom	40		copie	0.50	rien	furniture-kit/bookcaseClosed	bibliothèque lecture
2781	recueillir	verbe	40		recueillir	0.51	rien	poses/ramasse-homme	ramasser cueillir
2782	replier	verbe	40		replier	0.44	rien	mali/mali_fortress	forteresse
2783	suivant	nom	40		suivant	0.41	rien	pictos/calendrier	calendrier
2784	tranchée	nom	39.9		tranchée	0.49	rien	survival-kit/fence-fortified	palissade
2785	mardi	nom	39.9	symbole	calendrier	1.00	objet	pictos/calendrier	calendrier
2786	collier	nom	39.9		collier	0.63	porteur	platformer-kit/jewel	bijou diamant
2787	mou,mol	adjectif	39.9		mou	0.46	rien	kaykit-forest/Tree_Bare_1_A_Color1	arbre nu
2788	administration	nom	39.8		administration	0.51	rien	furniture-kit/desk	bureau
2789	bouge	nom	39.8		bouge	0.46	rien	poses/marche-femme	marcher marche promenade
2790	religieux	adjectif	39.8		religieux	0.61	porteur	kaykit-medieval/building_church_blue	église
2791	définitif	adjectif	39.8		définitif	0.42	rien	pictos/accord	accord
2792	décembre	nom	39.8	symbole	noël	0.86	objet	kaykit-holiday-bits/christmas_tree	sapin noël
2793	drôle	nom	39.7	symbole	joie	0.87	objet	poses/joie-femme	joie heureux bonheur
2794	nécessité	nom	39.7		nécessité	0.53	rien	pictos/ampoule	idée
2795	disparition	nom	39.7		disparition	0.46	rien	pictos/coeur-brise	rupture
2796	opéra	nom	39.7		opéra	0.67	porteur	pictos/theatre	théâtre
2797	cueillir	verbe	39.6		cueillir	0.91	objet	poses/ramasse-homme	ramasser cueillir
2798	serveur	nom	39.6		serveur	0.49	rien	furniture-kit/computerMouse	ordinateur souris
2799	hôte	nom	39.6		hôte	0.50	rien	q-interior/Houseplant_1	plante
2800	appui	nom	39.6		appui	0.37	rien	q-survival/FirstAidKit_Hard	trousse secours
2801	distribuer	verbe	39.6		distribuer	0.53	rien	mini-arcade/vending-machine	distributeur
2802	traître	nom	39.6		traître	0.46	rien	watercraft-kit/ship-small-ghost	navire fantôme
2803	chuchoter	verbe	39.6				hors vocabulaire		
2804	visible	adjectif	39.6		visible	0.56	porteur	kaykit-space-base-bits/solarpanel	panneau solaire
2805	mandat	nom	39.6		mandat	0.39	rien	poses/debout-suit-female	femme affaires bureau
2806	fichu	adjectif	39.5				hors vocabulaire		
2807	char	nom	39.4		char	0.54	rien	car-kit/tractor	tracteur
2808	étape	nom	39.4		étape	0.49	rien	mali/mali_defense_tower	tour
2809	gré	nom	39.4		gré	0.28	rien	poses/ramasse-homme	ramasser cueillir
2810	panneau	nom	39.4		panneau	0.96	objet	platformer-kit/sign	panneau
2811	chaussette	nom	39.3		chaussette	0.81	objet	holiday-kit/sock-green-cane	chaussette noël
2812	profit	nom	39.3		profit	0.31	rien	mini-arcade/cash-register	caisse
2813	plaie	nom	39.3		plaie	0.62	porteur	q-survival/Bandages	pansement
2814	ambulance	nom	39.2		ambulance	0.98	objet	car-kit/ambulance	ambulance
2815	issue	nom	39.2	symbole	porte	0.95	objet	platformer-kit/door-large-open	porte
2816	sévère	adjectif	39.2		sévère	0.28	rien	pictos/jambe	jambe
2817	pari	nom	39.2	symbole	dé	0.79	objet	kaykit-board-game-bits/D20_red	dé dés
2818	lire	nom	39.1		lire	0.81	objet	poses/lit-ranger	lire lecture livre
2819	anneau	nom	39.1		anneau	0.87	objet	nature-kit/statue_ring	anneau pierre
2820	soupçon	nom	39.1		soupçon	0.58	porteur	pictos/mensonge	mensonge
2821	portefeuille	nom	39.1		portefeuille	0.55	porteur	poses/debout-suit-female	femme affaires bureau
2822	clore	verbe	39		clore	0.54	rien	city-kit-suburban/fence-1x2	clôture
2823	cher	nom	39		cher	0.34	rien	q-food/Bottle1	bouteille vin
2824	élégant	adjectif	39		élégant	0.42	rien	city-kit-commercial/detail-parasol-a	parasol terrasse
2825	effondrer	verbe	39		effondrer	0.54	rien	kaykit-medieval/building_destroyed	ruine
2826	janvier	nom	39	symbole	neige	0.98	objet	holiday-kit/snow-flat-large	neige
2827	quelconque	adjectif	38.9		quelconque	0.42	rien	pictos/erreur	erreur
2828	salaire	nom	38.9	symbole	monnaie	0.87	objet	kaykit-board-game-bits/coin_10_gold	pièces monnaie
2829	tâcher	verbe	38.9				hors vocabulaire		
2830	jalousie	nom	38.9		jalousie	0.57	porteur	pictos/mensonge	mensonge
2831	consister	verbe	38.9				hors vocabulaire		
2832	espion	nom	38.9		espion	0.45	rien	space-kit/alien	extraterrestre martien
2833	canapé	nom	38.8		canapé	0.97	objet	q-furniture/Sofa	canapé
2834	adjudant	nom	38.8		adjudant	0.42	rien	poses/debout-knight-male	chevalier
2835	cassette	nom	38.8		cassette	0.63	porteur	kaykit-city-builder-bits/box_A	boîte
2836	procéder	verbe	38.8		procéder	0.38	rien	kaykit-space-base-bits/drill_structure	forage
2837	fraîcheur	nom	38.7		fraîcheur	0.40	rien	poses/joie-femme	joie heureux bonheur
2838	séduire	verbe	38.7	symbole	cœur	0.88	objet	platformer-kit/heart	cœur amour
2839	plancher	nom	38.6		plancher	0.62	porteur	furniture-kit/benchCushion	banquette coussin
2840	paume	nom	38.6		paume	0.51	rien	pictos/main	main
2841	triomphe	nom	38.6	symbole	acclamer	0.83	objet	poses/acclame-barbare	applaudir acclamer applaudissements
2842	légume	nom	38.6		légume	0.88	objet	food-kit/leek	poireau légume
2843	démarche	nom	38.6		démarche	0.54	rien	pictos/ampoule	idée
2844	apprêter	verbe	38.6				hors vocabulaire		
2845	tentative	nom	38.6		tentative	0.43	rien	pictos/erreur	erreur
2846	touriste	nom	38.5	symbole	photo	0.96	objet	kaykit-mixed-bag-1/instantcamera	appareil-photo photo
2847	cahier	nom	38.5		cahier	0.44	rien	poses/lit-ranger	lire lecture livre
2848	trouble	nom	38.5		trouble	0.45	rien	pictos/folie	folie
2849	feu	adjectif	38.5		feu	0.78	objet	q-survival/Bonfire_Fire	feu camp
2850	deuil	nom	38.5		deuil	0.55	porteur	poses/triste-femme	triste tristesse chagrin
2851	pratiquer	verbe	38.5		pratiquer	0.51	rien	poses/nage-femme	nager nage baignade
2852	responsable	nom	38.5		responsable	0.32	rien	nature-kit/mushroom_red	champignon rouge
2853	bonbon	nom	38.5		bonbon	0.89	objet	food-kit/lollypop	sucette bonbon
2854	préféré	adjectif	38.4		préféré	0.38	rien	food-kit/plate-dinner	assiette dîner
2855	règlement	nom	38.4		règlement	0.41	rien	pictos/accord	accord
2856	réchauffer	verbe	38.4	symbole	cheminée	0.98	objet	q-interior/Fireplace	cheminée
2857	collège	nom	38.4		collège	0.86	objet	objets-oga/ecole	école collège lycée
2858	suffisamment	adverbe	38.4		suffisamment	0.35	rien	kaykit-furniture-bits/shelf_A_small	rayon
2859	caresse	nom	38.4	symbole	chat	1.00	objet	archipel/bete-chat	chat
2860	blouse	nom	38.3				hors vocabulaire		
2861	éliminer	verbe	38.3		éliminer	0.37	rien	kaykit-board-game-bits/pawn_A_red	pion rouge
2862	remords	nom	38.3		remords	0.71	objet	poses/triste-femme	triste tristesse chagrin
2863	dette	nom	38.3	symbole	monnaie	0.87	objet	kaykit-board-game-bits/coin_10_gold	pièces monnaie
2864	border	verbe	38.2		border	0.19	rien	poses/debout-cowboy-female	cowboy western
2865	suprême	adjectif	38.2		suprême	0.48	rien	pictos/balance	justice
2866	futur	nom	38.2		futur	0.34	rien	space-kit/alien	extraterrestre martien
2867	recommander	verbe	38.2		recommander	0.46	rien	pictos/attention	attention
2868	idéal	adjectif	38.2		idéal	0.46	rien	pictos/ampoule	idée
2869	poumon	nom	38.2		poumon	0.50	rien	pictos/cerveau	cerveau
2870	doubler	verbe	38.1		doubler	0.47	rien	poses/saut-femme	sauter saut bondir
2871	fasciner	verbe	38.1				hors vocabulaire		
2872	voter	verbe	38.1		voter	0.41	rien	poses/acclame-barbare	applaudir acclamer applaudissements
2873	admirable	adjectif	38.1		admirable	0.39	rien	poses/joie-femme	joie heureux bonheur
2874	noce	nom	38.1		noce	0.55	porteur	poses/debout-casual-female	femme fille
2875	vaisselle	nom	38.1		vaisselle	0.65	porteur	kaykit-restaurant-bits/dishrack_plates	égouttoir assiettes
2876	reconnaissance	nom	38		reconnaissance	0.37	rien	mini-characters/aid_hearing	appareil oreille
2877	brusque	adjectif	38		brusque	0.38	rien	pictos/coeur-brise	rupture
2878	succéder	verbe	38		succéder	0.32	rien	poses/assis-chaise-ranger	assis chaise attendre
2879	enchanter	verbe	38	symbole	joie	0.87	objet	poses/joie-femme	joie heureux bonheur
2880	abbé	nom	38	symbole	église	0.98	objet	kaykit-medieval/building_church_blue	église
2881	comportement	nom	38		comportement	0.41	rien	pictos/attention	attention
2882	acquérir	verbe	38		acquérir	0.35	rien	poses/porte-kenney	porter carton déménager
2883	oubli	nom	38		oubli	0.55	porteur	poses/triste-femme	triste tristesse chagrin
2884	grouiller	verbe	37.9				hors vocabulaire		
2885	soigneusement	adverbe	37.9		soigneusement	0.46	rien	q-interior/Shelf_Large	étagère
2886	contrer	verbe	37.9		contrer	0.43	rien	poses/lance-ranger	lancer jeter
2887	longueur	nom	37.9		longueur	0.43	rien	poses/nage-manta-ray	raie
2888	tube	nom	37.9		tube	0.53	rien	pictos/bouche	bouche
2889	innocent	nom	37.9	symbole	justice	1.00	objet	pictos/balance	justice
2890	régiment	nom	37.8		régiment	0.44	rien	poses/debout-knight-male	chevalier
2891	balader	verbe	37.8	symbole	balade	0.80	objet	poses/marche-femme	marcher marche promenade
2892	errer	verbe	37.8	symbole	marche	0.79	objet	poses/marche-femme	marcher marche promenade
2893	pêcheur	nom	37.8		pêcheur	0.83	objet	poses/peche-ranger	pêcher pêche pêcheur
2894	flèche	nom	37.8		flèche	0.46	rien	nature-kit/statue_ring	anneau pierre
2895	petit	adverbe	37.7		petit	0.56	porteur	poses/debout-oldclassy-male	papi pépé vieux
2896	bonté	nom	37.7		bonté	0.56	porteur	poses/joie-femme	joie heureux bonheur
2897	figer	verbe	37.7				hors vocabulaire		
2898	bataillon	nom	37.7		bataillon	0.47	rien	archipel/feu	feu camp
2899	déboucher	verbe	37.7		déboucher	0.41	rien	poses/lance-ranger	lancer jeter
2900	dur	nom	37.6		dur	0.42	rien	kaykit-forest/Grass_1_A_Color1	herbe
2901	fourrer	verbe	37.6				hors vocabulaire		
2902	liquide	nom	37.6		liquide	0.63	porteur	q-survival/PropaneTank	bouteille gaz
2903	final	adjectif	37.6		final	0.39	rien	pictos/trophee	victoire
2904	grec	nom	37.6		grec	0.28	rien	pictos/langue	langue
2905	célébrer	verbe	37.6	symbole	gâteau	0.98	objet	food-kit/cake	gâteau
2906	magazine	nom	37.6	symbole	bd	0.76	objet	kaykit-mixed-bag-1/comicbooks_stacked	bd albums
2907	chouette	adjectif	37.5		chouette	0.67	porteur	archipel/oiseau-fou	oiseau
2908	drifter	nom	37.5				hors vocabulaire		
2909	isoler	verbe	37.5		isoler	0.32	rien	poses/bricole-barbare	bricoler réparer bricolage
2910	abîmer	verbe	37.5	symbole	ruine	0.96	objet	kaykit-medieval/building_destroyed	ruine
2911	riche	nom	37.5	symbole	or	0.82	objet	kaykit-resource-bits/Gold_Bars_Stack_Large	or lingots
2912	influence	nom	37.5		influence	0.40	rien	pictos/pensee	pensée
2913	boucher	verbe	37.5		boucher	0.60	porteur	q-food/ChickenLeg	poulet pilon
2914	lourd	adverbe	37.4		lourd	0.43	rien	vehicules/rgs-Truck-with-trailer	camion remorque
2915	surmonter	verbe	37.4		surmonter	0.40	rien	pictos/ampoule	idée
2916	gratuit	adjectif	37.4	symbole	cadeau	0.97	objet	kaykit-holiday-bits/present_C_green	cadeau
2917	déployer	verbe	37.4		déployer	0.46	rien	poses/lance-ranger	lancer jeter
2918	jusque-là	adverbe	37.3				hors vocabulaire		
2919	occupation	nom	37.3		occupation	0.32	rien	mali/mali_fortress	forteresse
2920	dit	adjectif	37.3	vide			vide		
2921	longer	verbe	37.3				hors vocabulaire		
2922	communiste	nom	37.3		communiste	0.44	rien	poses/debout-worker-male	ouvrier chantier maçon
2923	dégueulasse	adjectif	37.3				hors vocabulaire		
2924	aviser	verbe	37.3				hors vocabulaire		
2925	admiration	nom	37.2		admiration	0.55	porteur	pictos/etonnement	étonnement
2926	construction	nom	37.2		construction	0.72	objet	retro-urban-kit/scaffolding-structure	échafaudage chantier
2927	fantastique	adjectif	37.2		fantastique	0.57	porteur	pictos/cinema	cinéma
2928	lécher	verbe	37.2				hors vocabulaire		
2929	mélanger	verbe	37.2	symbole	mixeur	0.86	objet	furniture-kit/kitchenBlender	cuisine mixeur
2930	aigu	adjectif	37.2		aigu	0.38	rien	pictos/nez	nez
2931	insupportable	adjectif	37.2		insupportable	0.56	porteur	pictos/ennui	ennui
2932	grandeur	nom	37.1		grandeur	0.41	rien	kaykit-medieval/ladder	échelle
2933	trahison	nom	37.1		trahison	0.54	rien	pictos/mensonge	mensonge
2934	gueuler	verbe	37.1				hors vocabulaire		
2935	équipage	nom	37.1		équipage	0.71	objet	watercraft-kit/ship-large	navire
2936	lisse	adjectif	37.1		lisse	0.51	rien	food-kit/utensil-spoon	couvert cuillère
2937	agacer	verbe	37				hors vocabulaire		
2938	particulier	nom	37		particulier	0.41	rien	kaykit-furniture-bits/pictureframe_medium	cadre tableau
2939	résonner	verbe	37	symbole	cloche	0.96	objet	kaykit-holiday-bits/bell	cloche
2940	troupeau	nom	37		troupeau	0.66	porteur	poses/mange-cube-cow	vache brouter
2941	rembourser	verbe	37	symbole	monnaie	0.87	objet	kaykit-board-game-bits/coin_10_gold	pièces monnaie
2942	obus	nom	37		obus	0.40	rien	kaykit-resource-bits/Parts_Pile_Large	ferraille
2943	pension	nom	36.9		pension	0.39	rien	q-buildings/House	maison
2944	clairement	adverbe	36.9		clairement	0.44	rien	pictos/question	question
2945	imprimer	verbe	36.9		imprimer	0.63	porteur	objets-oga/stylo-crayon	stylo crayon écrire
2946	tension	nom	36.9		tension	0.53	rien	pictos/coeur-brise	rupture
2947	neveu	nom	36.8	symbole	garçon	0.89	objet	poses/debout-casual-male	homme garçon
2948	personnalité	nom	36.8		personnalité	0.43	rien	mini-characters/character-female-a	personne femme
2949	commun	nom	36.8		commun	0.49	rien	survival-kit/tree-trunk	arbre tronc
2950	exceptionnel	adjectif	36.8		exceptionnel	0.32	rien	pictos/doute	doute
2951	ruelle	nom	36.7		ruelle	0.54	porteur	kaykit-medieval/building_tavern_blue	auberge taverne
2952	trancher	verbe	36.7	symbole	découper	0.86	objet	food-kit/cutting-board-round	planche découper
2953	reproche	nom	36.7		reproche	0.49	rien	pictos/mensonge	mensonge
2954	représentant	nom	36.7		représentant	0.52	rien	nature-kit/statue_head	statue tête
2955	hall	nom	36.7		hall	0.45	rien	furniture-kit/speaker	enceinte musique
2956	obstacle	nom	36.7		obstacle	0.50	rien	nature-kit/fence_bend	clôture barrière courbé
2957	rude	adjectif	36.6		rude	0.40	rien	pictos/pied	pied
2958	basculer	verbe	36.6		basculer	0.47	rien	poses/saut-femme	sauter saut bondir
2959	berger	nom	36.6	symbole	mouton	0.87	objet	archipel/bete-mouton	mouton brebis
2960	classique	adjectif	36.6		classique	0.40	rien	mini-arcade/dance-machine	danse jeu
2961	bicyclette	nom	36.6		bicyclette	0.91	objet	q-transport/SquareFrameBicycle	vélo bicyclette
2962	garantir	verbe	36.6		garantir	0.40	rien	pictos/accord	accord
2963	suffisant	adjectif	36.5		suffisant	0.33	rien	poses/bricole-barbare	bricoler réparer bricolage
2964	désastre	nom	36.5		désastre	0.52	rien	kaykit-medieval/building_destroyed	ruine
2965	allumette	nom	36.5		allumette	0.94	objet	q-survival/Match_Fire	allumette
2966	invitation	nom	36.5		invitation	0.45	rien	kaykit-holiday-bits/present_A_red	cadeau
2967	enculé	adjectif	36.5				hors vocabulaire		
2968	insecte	nom	36.5	symbole	abeille	0.85	objet	cube-pets/animal-bee	animal abeille
2969	portable	adjectif	36.4		portable	0.92	objet	furniture-kit/laptop	ordinateur portable
2970	flatter	verbe	36.4				hors vocabulaire		
2971	préoccuper	verbe	36.4		préoccuper	0.48	rien	pictos/question	question
2972	blessé	adjectif	36.3	symbole	pansement	0.97	objet	q-survival/Bandages	pansement
2973	encre	nom	36.3		encre	0.69	porteur	objets-oga/maison-pencil	crayon
2974	fendre	verbe	36.3				hors vocabulaire		
2975	coton	nom	36.3		coton	0.60	porteur	mini-characters/aid-cane	canne
2976	transparent	adjectif	36.3		transparent	0.57	porteur	food-kit/glass	verre
2977	panne	nom	36.3		panne	0.47	rien	pictos/erreur	erreur
2978	infini	adjectif	36.2		infini	0.40	rien	kaykit-furniture-bits/shelf_A_big	rayon
2979	fillette	nom	36.2		fillette	0.64	porteur	pictos/bebe	bébé
2980	riz	nom	36.2		riz	0.91	objet	q-crops/Rice_4	riz rizière
2981	communiste	adjectif	36.2		communiste	0.44	rien	poses/debout-worker-male	ouvrier chantier maçon
2982	dégoût	nom	36.2		dégoût	0.64	porteur	pictos/ennui	ennui
2983	récemment	adverbe	36.1		récemment	0.40	rien	pictos/traces	traces
2984	misérable	adjectif	36.1		misérable	0.50	rien	poses/triste-femme	triste tristesse chagrin
2985	atterrir	verbe	36.1		atterrir	0.66	porteur	vehicules/avion-jouet	avion
2986	nouer	verbe	36.1		nouer	0.31	rien	kaykit-holiday-bits/present_sphere_A_red	cadeau
2987	adversaire	nom	36.1		adversaire	0.50	rien	pictos/jambe	jambe
2988	suspect	nom	36.1		suspect	0.52	rien	car-kit/police	voiture police
2989	carré	nom	36.1		carré	0.46	rien	kaykit-furniture-bits/shelf_B_large_decorated	rayon décoré
2990	coiffeur	nom	36.1	symbole	peigne	0.96	objet	objets-oga/maison-comb	peigne
2991	loge	nom	36		loge	0.41	rien	archipel/maison-automne	maison
2992	refus	nom	36		refus	0.52	rien	pictos/coeur-brise	rupture
2993	araignée	nom	36		araignée	0.61	porteur	mini-arcade/claw-machine	pince peluche
2994	cap	nom	36		cap	0.58	porteur	tropiques/ReefBase01	récif corail
2995	pose	nom	36		pose	0.56	porteur	pictos/question	question
2996	damoiseau	nom	36				hors vocabulaire		
2997	t	nom	36	vide			vide		
2998	communauté	nom	36	symbole	personne	0.76	objet	mini-characters/character-female-a	personne femme
2999	grimace	nom	36				hors vocabulaire		
3000	dégoûter	verbe	36				hors vocabulaire		
